s,q1,dq1,d2q1,d3q1,q2,dq2,d2q2,d3q2,q3,dq3,d2q3,d3q3,q4,dq4,d2q4,d3q4,q5,dq5,d2q5,d3q5,q6,dq6,d2q6,d3q6
0,0.209697070466,3.85520502797,-61.2639252118,-540.491601275,0.226998971247,0.530366381847,-94.6465735958,917.138759424,0.501201098473,2.91760108497,-43.8874879065,-1203.15913623,0.346416559329,-0.523936313725,-49.5466277303,-215.596514355,0.11802318832,1.38454586732,-65.4627605431,1270.93166753,0.471933138006,4.94875746853,-83.0775145523,-1181.26911016
0.00333333333333,0.222204172199,3.64812114601,-62.9465937483,-468.837917109,0.228246960212,0.220277040875,-91.3169521076,1079.26233017,0.510675253527,2.76470308945,-47.827086715,-1159.56187651,0.344393562862,-0.690232073994,-50.2135026359,-184.411435834,0.122282728776,1.17366520658,-60.9873491016,1411.82763088,0.487960283284,4.66541493613,-86.8838337376,-1101.76656035
0.00666666666667,0.234012090902,3.43582933145,-64.3878583356,-395.696732172,0.228480803662,-0.0778286215202,-87.4612403435,1232.6139392,0.5196181406,2.59892673757,-51.6111036339,-1109.84860577,0.341812735892,-0.858576238079,-50.7753027717,-152.56534229,0.125865043423,0.978457153533,-56.0678128863,1537.21541927,0.503022304887,4.36983459644,-90.4177732581,-1017.89812314
0.01,0.245104816672,3.21914199771,-65.5832386277,-321.355698341,0.227743314131,-0.362247662967,-83.1104319333,1376.15240468,0.527987733567,2.42082416952,-55.2195560008,-1054.26710699,0.338667838109,-1.02861503739,-51.2299626599,-120.141271757,0.128824744193,0.800313910859,-50.757676657,1646.0209278,0.517079949763,4.06294799666,-93.6653586755,-930.013978867
0.0133333333333,0.255469070759,2.99888488564,-66.5292210638,-246.10704406,0.226082802118,-0.631386111197,-78.2988764259,1508.90652884,0.535743956205,2.23101269887,-58.6333399196,-993.096623046,0.334953819389,-1.19998828292,-51.5756964366,-87.2239165618,0.13122077993,0.640443573461,-45.1137964594,1737.32096101,0.530097145463,3.74573128667,-96.6138126281,-838.481927552
0.0166666666667,0.265094344595,2.77589381761,-67.2232722064,-170.246421552,0.223552694653,-0.883769748859,-73.0640345708,1629.9818751,0.542848894367,2.03017171129,-61.8343326936,-926.64636904,0.330666839636,-1.372330306,-51.8110029836,-53.8993930182,0.133115805139,0.499859878297,-39.1958426422,1810.35137319,0.54204114206,3.4192011338,-99.2516108643,-743.68575727
0.02,0.27397292793,2.55101141351,-67.6638482136,-94.0717405993,0.220211119312,-1.11805404592,-67.4462118955,1738.56700564,0.549266997253,1.81903923031,-64.8054900288,-855.253883743,0.325804285455,-1.54527091503,-51.9346702856,-20.2550071925,0.134575517482,0.3793737201,-33.0657580823,1864.51379241,0.552882640152,3.08441046018,-101.568532717,-646.023541091
0.0233333333333,0.282099925982,2.3250837818,-67.8504004072,-17.8819934723,0.216120456644,-1.33303317041,-61.4882724509,1833.9391357,0.554965266706,1.59840816859,-67.5309374858,-779.283228875,0.320364783617,-1.7184363652,-51.9457790008,13.6209826277,0.135667970045,0.279586507661,-26.7871964419,1899.38086854,0.562595904378,2.74244402128,-103.555705792,-545.905870132
0.0266666666667,0.289473265534,2.09895719841,-67.7833769166,58.0239243355,0.211346864185,-1.52764801469,-55.2353347375,1915.46916508,0.559913433517,1.36912228456,-69.9960556894,-699.123045962,0.314348211269,-1.89145033903,-51.8437052355,47.6396061074,0.136462864607,0.200885418946,-20.4249454581,1914.69999873,0.571158861971,2.3944138455,-105.205644671,-443.754030665
0.03,0.296093689957,1.8734747868,-67.4642203904,133.348392928,0.205959775438,-1.70099318143,-48.7344519473,1982.62605149,0.564084119788,1.13207186612,-72.1875588375,-615.184481178,0.307755702866,-2.06393493465,-51.6281225145,81.7114230226,0.137030832323,0.143440596405,-14.0443404001,1910.39549743,0.578553185894,2.04145455494,-106.512283454,-339.998133443
0.0333333333333,0.301964743182,1.64947321214,-66.8953617863,207.79624172,0.200031377366,-1.85232288064,-42.0342787678,2034.98049507,0.567452986487,0.888189164405,-74.0935660889,-527.898989314,0.300589653798,-2.23551165933,-51.2990029418,115.746766742,0.137442708322,0.107204306575,-7.71067291391,1886.56919178,0.584764362217,1.68471858815,-107.471002006,-235.075203643
0.0366666666667,0.307092742702,1.42777940275,-66.0802102633,281.075913425,0.193636070108,-1.98105569692,-35.1847270891,2072.20790849,0.569998865401,0.638443601926,-75.703665445,-437.716028653,0.292853720698,-2.40580242562,-50.8566175483,149.655988365,0.137768806792,0.0919120705831,-1.48860051522,1843.49943712,0.589781741433,1.32537134612,-108.078645774,-129.427239962
0.04,0.311486741708,1.20920731159,-65.0231392167,352.900613704,0.186849912724,-2.08677819394,-28.2366130309,2094.09065156,0.571703874767,0.383836780856,-77.008969784,-345.100659143,0.284552818432,-2.57443054717,-50.301535826,183.349700846,0.138078203106,0.0970857546111,4.5584380122,1781.63856155,0.593598573497,0.964586282984,-108.333539096,-23.499251594
0.0433333333333,0.315158480505,0.994554730756,-63.7294685114,422.989441956,0.179750058909,-2.16924733126,-21.2412977689,2100.51951494,0.572553517978,0.125397317982,-78.0021647447,-250.531056732,0.275693113772,-2.74102173169,-49.6346244491,216.739022438,0.138438029473,0.122038591966,10.3687961121,1701.60876223,0.596212026436,0.603539963284,-108.235491951,82.2627181427
0.0466666666667,0.318122327431,0.784600171332,-62.2054429825,491.068498788,0.172414186645,-2.22839167711,-14.2503246823,2091.49444244,0.572536764816,-0.135824465991,-78.6775482042,-154.495957234,0.266282015769,-2.90520506835,-48.8570451855,249.735818791,0.138912790499,0.165882091179,15.8831767408,1604.19649006,0.597623188464,0.243407107803,-107.7858001,187.413572645
0.05,0.320395209483,0.58009982111,-60.4582072909,556.871965775,0.164919925838,-2.26431140907,-7.31505537034,2067.12448697,0.571646114779,-0.398761974415,-79.0310611365,-57.492043437,0.256328162846,-3.06661400677,-47.9702520049,282.252943035,0.139563704823,0.227534767792,21.0451684823,1490.34537261,0.597837053586,-0.114644350142,-106.987238635,291.511138472
0.0533333333333,0.32199653297,0.381784592003,-58.4957772303,620.143153276,0.157344287965,-2.27727710309,-0.486307093186,2027.62700047,0.569877642163,-0.662337850941,-79.0603096859,39.9787105239,0.245841406646,-3.22488732515,-46.9759873905,314.204473201,0.140448078798,0.305732621258,25.8017557228,1361.14773829,0.596862490779,-0.469458175917,-105.844048959,394.118128529
0.0566666666667,0.322948094469,0.190357268871,-56.3270076015,680.635512148,0.149763101774,-2.26772731995,6.18600581766,1973.32606356,0.567231022647,-0.925469554523,-78.7645783377,137.411723268,0.234832792677,-3.3796700847,-45.8762778651,345.505946319,0.141618717873,0.399041262847,30.1037983447,1217.83481711,0.594712196883,-0.819894690516,-104.361919253,494.804083197
0.06,0.323273982476,0.00648977099759,-53.9615567795,738.113605382,0.142250459005,-2.23626500651,12.6532240615,1904.65016589,0.563709541239,-1.18707496337,-78.1448341137,234.302504336,0.223314537801,-3.53061456793,-44.6734287425,376.074588563,0.143123381003,0.505869585754,33.9064766688,1061.76570513,0.591402633421,-1.16483555168,-102.547958527,593.147280708
0.0633333333333,0.323000470124,-0.169179463029,-51.4098481141,792.354035815,0.134878174047,-2.18365273752,18.868286512,1822.12915362,0.559320081537,-1.44607797793,-77.203721771,330.149351941,0.211300004618,-3.67738119813,-43.3700181204,405.829540798,0.145004283029,0.624484854892,37.1696976874,894.415190725,0.586953947644,-1.50318843796,-100.410664364,688.7366082
0.0666666666667,0.322155899409,-0.336047956683,-48.6830283168,843.146326272,0.127715261348,-2.11080683195,24.7860619931,1726.39046545,0.554073096353,-1.7014140928,-75.9455500283,424.456035815,0.198803672837,-3.81963943763,-41.9688901288,434.692078928,0.147297649538,0.753029081196,39.8584589687,717.360550746,0.581389878143,-1.83389161494,-97.9598844995,781.173385075
0.07,0.320770557376,-0.493551533373,-45.7929229972,890.293748648,0.120827434246,-2.01879038556,30.3636673586,1618.1546836,0.547982559864,-1.95203590802,-74.3762688955,516.734450761,0.185841107672,-3.95706866229,-40.4731474541,462.58582843,0.150033328242,0.889536533847,41.9431669944,532.267434113,0.574737645476,-2.15591836341,-95.2067724213,870.073130479
0.0733333333333,0.318876544771,-0.641166501592,-42.7519895265,933.614098666,0.114276628777,-1.90880526915,35.5607696426,1498.23043102,0.541065901524,-2.19691854999,-72.5034382257,606.507226651,0.172428925381,-4.08935900991,-38.8861431586,489.436972495,0.15323446041,1.03195223368,43.3999070942,340.874958096,0.567027828285,-2.46828124977,-92.1637371782,955.067266998
0.0766666666667,0.316507637666,-0.778411678744,-39.5732674124,972.940413264,0.108120555789,-1.7821831492,40.3398701611,1367.50865075,0.533343922107,-2.43506497326,-70.3361876597,693.310280869,0.158584756016,-4.21621220025,-37.2114718173,515.174453191,0.156917215352,1.17815126227,44.2106625725,144.980149825,0.55829422547,-2.77003621984,-88.8443876271,1035.80475292
0.08,0.31369914263,-0.904850245678,-36.2703263827,1008.12162777,0.102412284535,-1.64037559425,44.6665685685,1226.95630745,0.524840692311,-2.66551111465,-67.8851681771,776.695299493,0.144327203495,-4.33734232438,-35.4529599967,539.730165119,0.161090590391,1.32595871407,44.3634810737,-53.578128737,0.548573705033,-3.06028649786,-85.2634713684,1111.95363579
0.0833333333333,0.310487745999,-1.02009142464,-32.8572123825,1039.02317025,0.0971998606719,-1.48494333729,48.5098050187,1077.60955545,0.515583434464,-2.88733087234,-65.1624955151,856.232133899,0.129675803086,-4.45247660122,-33.6146561016,563.039141014,0.16575627816,1.4731701129,43.8525867,-252.93562953,0.537906040281,-3.33818627354,-81.436808644,1183.2025202
0.0866666666667,0.306911357864,-1.12379197402,-29.3483916977,1065.52749075,0.092525961355,-1.3175447696,51.8420787296,920.566421271,0.505602387967,-3.09964088318,-62.1816857556,931.511099915,0.114650976446,-4.56135609923,-31.7008196169,585.03972879,0.170908602478,1.61757211043,42.6784368814,-451.219394671,0.52633373411,-3.60294416068,-77.3812214951,1249.26194341
0.09,0.303008951389,-1.21565749405,-25.7586934265,1087.53452329,0.0884275898507,-1.13992374774,54.6396414168,756.979051945,0.494930659178,-3.30160507267,-58.9575834304,1002.1451672,0.0992739842937,-4.66373642131,-29.7159097746,605.673759543,0.176534523435,1.75696328123,40.8477234833,-646.564512087,0.513901832162,-3.85382641228,-73.1144584961,1309.86565247
0.0933333333333,0.298820398095,-1.29544353825,-22.1032505247,1104.96207874,0.0849358118224,-0.953896799344,56.8826642412,588.045583588,0.483604056553,-3.49243895339,-55.506282526,1067.77202707,0.0835668768803,-4.75938835094,-27.6645736762,624.886706053,0.182613711693,1.88917482866,38.3733181371,-837.130801612,0.500657725691,-4.0901598778,-68.6551154043,1364.77177718
0.0966666666667,0.294386299774,-1.36295652638,-18.3974396596,1117.74616719,0.0820755351387,-0.761339818422,58.555377097,415.001687317,0.471660911894,-3.67141364889,-51.8450408146,1128.05602768,0.0675524423628,-4.84809845793,-25.5516339034,642.627831347,0.189118691407,2.01209101595,35.2741622726,-1021.11928328,0.486650945026,-4.31133468961,-64.0225520799,1413.76389376
0.1,0.289747817693,-1.41805445518,-14.6568201084,1125.84124837,0.079865334753,-0.564174343692,59.6461792643,239.111851845,0.459141888689,-3.83785962145,-47.9921879699,1182.68996625,0.0512541532334,-4.92966966201,-23.3820756505,658.850326926,0.196015050527,2.12366914003,31.5751028221,-1196.78828145,0.471932944533,-4.51680666686,-59.2368060505,1456.65197421
0.103333333333,0.284946499769,-1.46064740425,-10.8970719427,1129.22040921,0.0783173238813,-0.364353516992,60.1477206493,61.6604639578,0.446089778535,-3.99117008398,-43.967027961,1231.39672849,0.0346961109401,-5.00392175282,-21.1610334143,673.51144026,0.203261716679,2.221958869,27.3066750512,-1362.46902169,0.456556880068,-4.70609942609,-54.3185031062,1493.27321742
0.106666666667,0.280024106407,-1.49069783491,-7.13393374457,1127.87546787,0.0774370723823,-0.163847820704,60.0569530425,-116.057250519,0.432549286746,-4.13080407765,-39.7897362472,1273.93076679,0.0179029888496,-5.07069186482,-18.8937772765,686.572591224,0.210811296194,2.30512077022,22.5048344381,-1516.58058177,0.440577379879,-4.87880618951,-49.2887653274,1523.49275803
0.11,0.275022435681,-1.50822068118,-3.38314009803,1121.81700373,0.0772235729075,0.0353693051858,59.3751510365,-292.744361666,0.418566808282,-4.256289199,-35.4812523274,1310.07940884,0.000899973703824,-5.12983490589,-16.5856988181,697.999477137,0.218610473322,2.37144386298,17.2106399783,-1657.64406387,0.424050310006,-5.03459128294,-44.169116958,1547.20425014
0.113333333333,0.269983148566,-1.51328323217,0.339640895289,1111.07431337,0.077669255055,0.231335864944,58.1079024561,-467.111382212,0.404190195187,-4.36722396192,-31.0631682182,1339.66398998,-0.016287294273,-5.18122393835,-14.2422967016,707.762166126,0.226600466106,2.41936203842,11.469891723,-1784.29586206,0.407032535213,-5.17319131699,-38.9813885448,1564.330323
0.116666666667,0.264947594904,-1.50600480677,4.01886983072,1095.69529256,0.0787600474188,0.422115626306,56.2650683686,-637.885361851,0.389468516789,-4.46327978195,-26.5576134604,1362.54080302,-0.0336327824571,-5.22475051145,-11.8691619632,715.835178561,0.234717534898,2.44746919937,5.33272576423,-1895.29990716,0.389581676516,-5.2944160465,-33.7476197743,1574.82290688
0.12,0.259956640802,-1.48655622158,7.63919769906,1075.74624485,0.0804754870917,0.605812256048,53.8607129559,-803.818865316,0.374451813923,-4.5442025723,-21.9871372714,1378.6018605,-0.0511101279341,-5.26032494449,-9.47196305268,722.197556327,0.242893539013,2.45453298414,-1.14682973743,-1989.55877999,0.371755866387,-5.39814890439,-28.4899614423,1578.66342751
0.123333333333,0.255050498142,-1.45515905447,11.1855268257,1051.3116174,0.0827888758411,0.780583172234,50.9130037419,-963.698771167,0.359190848496,-4.60981394316,-17.3745884744,1387.7754653,-0.0686927004674,-5.28787655954,-7.05643066374,726.832919761,0.2510565366,2.43950695092,-7.91133354607,-2066.12359427,0.353613502725,-5.48434720805,-23.2305769945,1575.86286835
0.126666666667,0.250268556888,-1.41208470661,14.6430708094,1022.49366522,0.0856674818519,0.944653015413,47.4440828739,-1116.35482954,0.343736849725,-4.66001199804,-12.74299385,1390.02658652,-0.0863536661586,-5.30735386344,-4.62834239463,729.729512081,0.259131422404,2.401541113,-14.9004411119,-2124.20256131,0.335213002689,-5.55304203732,-17.9915440817,1566.46170034
0.13,0.245649220844,-1.35765326665,17.9974132245,989.412045085,0.0890727856043,1.09632664375,43.4799103653,-1260.66791876,0.328141258392,-4.69477172281,-8.1154355615,1385.35703863,-0.104066051629,-5.31872467842,-2.19350728215,730.880231192,0.267040597768,2.33999072985,-22.0514405768,-2163.16816015,0.316612557477,-5.60433778501,-12.7947565683,1550.52967951
0.133333333333,0.241229747526,-1.29223218165,21.2345648536,952.203340659,0.0929607681489,1.23400156039,39.0500803976,-1395.57794292,0.312455470496,-4.71414496554,-3.51492831347,1373.80546297,-0.121802808548,-5.32197622096,0.242249749347,730.282648788,0.274704666911,2.2544232742,-29.2998102665,-2182.56284949,0.297869889159,-5.63841138215,-7.66182743548,1528.16551333
0.136666666667,0.237046092776,-1.21623474,24.3410192271,911.020520854,0.0972822397366,1.35617968537,34.1876119737,-1520.09131488,0.296730581646,-4.71826000737,1.03570309933,1355.44711161,-0.139536878344,-5.31711512877,2.6731034814,727.939016691,0.282043153305,2.144623512,-36.5797927186,-2182.1032704,0.279042010611,-5.6555112017,-2.61399301289,1499.4963974
0.14,0.233132760743,-1.13011837231,27.3038062465,866.03233343,0.101983206481,1.46147838901,28.9287153921,-1633.28797226,0.281017133561,-4.70732072676,5.51394519444,1330.39343485,-0.157241256912,-5.3041674358,5.09324399463,723.856260404,0.288975229772,2.01059664836,-43.8249801514,-2161.68290242,0.260184989651,-5.65595564573,2.32798103213,1464.67742443
0.143333333333,0.229522659815,-1.03438277706,30.110543684,817.422636303,0.107005272455,1.54864070875,23.3125361813,-1734.32787707,0.265364864035,-4.68160536171,9.8977155048,1298.79147446,-0.174889059153,-5.28317849528,7.49689221927,718.045959913,0.295420455801,1.85256951013,-50.9689061728,-2121.37314922,0.241353718392,-5.64013142291,7.14389152593,1423.89086838
0.146666666667,0.226246965086,-0.929567878387,32.7494863514,765.389669171,0.11228607439,1.61654467744,17.3808782941,-1822.45695342,0.249822461681,-4.6414648767,14.1654799401,1260.8230661,-0.192453583172,-5.25421285111,9.87831540039,710.524317777,0.301299515511,1.67098975296,-57.9456384757,-2061.42284407,0.222601688842,-5.608491524,11.8141870299,1377.34534675
0.15,0.223334987898,-0.816251624201,35.2095727461,710.145268348,0.117759745885,1.66421169703,11.1779085035,-1897.01242161,0.234437326776,-4.58732094322,18.296367177,1216.70385496,-0.209908373965,-5.21735405785,12.2318424358,701.312114592,0.306534949691,1.4665230984,-64.6903672554,-1982.25617926,0.203980775751,-5.56155290473,16.3200540918,1325.274865
0.153333333333,0.220814052973,-0.695047633175,37.4804689899,651.914027895,0.123357407863,1.69081389842,4.74984407797,-1957.42749104,0.21925533945,-4.51966354476,22.2702794645,1166.68213015,-0.227227286412,-5.17270444986,14.5518790445,690.434651966,0.311051875369,1.24004862405,-71.1399841207,-1884.46907778,0.185541027644,-5.49989388678,20.6435001214,1267.93774735
0.156666666667,0.218709383633,-0.566602700102,39.5526098858,590.932410371,0.12900768179,1.69568043542,-1.85537407189,-2003.23537912,0.204320636488,-4.4390482193,26.0679992501,1111.037484,-0.244384547423,-5.1203848603,16.8329227245,677.92168314,0.314778686497,0.992652146931,-77.2336463582,-1768.8240392,0.16733046698,-5.42415128854,24.7674325185,1205.61545863
0.16,0.217043995555,-0.431594169395,41.4172369323,527.447810705,0.134637222043,1.67830266815,-8.58842047971,-2034.07262788,0.189675397886,-4.34609295415,29.671291055,1050.0793034,-0.261354817066,-5.06053429056,19.0695774594,663.807331472,0.317647729474,0.72561775743,-82.9133215336,-1636.24350531,0.149394900304,-5.33501729897,28.6757337009,1138.61132272
0.163333333333,0.215838599486,-0.290727187163,43.0664331437,461.717576888,0.140171263641,1.63833819907,-15.3989340613,-2049.68169493,0.17535964433,-4.24147474984,33.0629980519,984.145101489,-0.278113248506,-4.9933095312,21.2565681322,648.129996974,0.319595947472,0.440417577405,-88.124307592,-1487.8018044,0.131777739226,-5.23323610859,32.3533316949,1067.24914317
0.166666666667,0.215111513303,-0.144731842731,44.4931545399,394.007991359,0.145534181488,1.57561373283,-22.2358744539,-2049.91280067,0.161411046646,-4.12592587163,36.227132828,913.598698423,-0.294635546607,-4.91888473541,23.3887546098,630.932251194,0.320565487778,0.138699831921,-92.8157238335,-1324.71574525,0.114519833016,-5.11960031302,35.7862659739,991.87173232
0.17,0.214878583777,0.00563978907953,45.6912581802,324.593217087,0.150650057149,1.4901267395,-29.0478832545,-2034.72501864,0.14786474824,-4.00022980895,39.1489618453,838.828261196,-0.310898025031,-4.83745094606,25.4611454561,612.260720699,0.320504266714,-0.177724660968,-96.9409683996,-1148.33394444,0.0976593135459,-4.99494710538,38.9617482507,912.839355379
0.173333333333,0.215153118341,0.159616693196,46.6555266318,253.754212537,0.155443249169,1.382045909,-35.7836476194,-2004.18660133,0.134753201469,-3.86521696431,41.8150831474,760.244212918,-0.326877661685,-4.7492155778,27.4689112399,592.165959504,0.319366487047,-0.506897463868,-100.458138203,-960.124981324,0.0812314532444,-4.86015427489,41.8682179514,830.528096689
0.176666666667,0.215945827131,0.316412035029,47.3816887749,181.777619774,0.159838962869,1.25171039314,-42.3922636721,-1958.47453931,0.122106018787,-3.72176009511,44.2134968946,678.277022837,-0.342552152371,-4.65440185543,29.4073973984,570.702310776,0.317113103225,-0.846728825638,-103.330407562,-761.664485787,0.0652685366964,-4.71613602971,44.4953921236,745.328155322
0.18,0.217264775553,0.475226344335,47.8664368634,108.954630119,0.16376381562,1.09962784017,-48.8235971671,-1897.87335642,0.10994983948,-3.57076953279,46.3336683501,593.37488897,-0.35789996249,-4.55324821023,31.2721366229,547.92775821,0.313712230245,-1.19501517554,-105.526362179,-554.621273148,0.0497997464268,-4.56383866306,46.8343095566,657.642077772
0.183333333333,0.219115347538,0.635250749605,48.1074397723,35.5798318192,0.167146393555,0.92647123526,-55.0286388752,-1822.77314968,0.0983082126583,-3.4131882051,48.16658298,506.001325792,-0.37290037667,-4.44600763587,33.0588607324,523.903767468,0.309139492434,-1.54945765203,-107.020285475,-340.742649194,0.0348510633673,-4.40423608211,48.8773689163,567.882935673
0.186666666667,0.22150021965,0.79567025019,48.1033523817,-38.0499557092,0.169917795798,0.733074568529,-60.959852195,-1733.66688762,0.0872014971436,-3.24998648825,49.7047933722,416.632669942,-0.38753354618,-4.33294700558,34.7635120025,498.695118126,0.303378308969,-1.90768150297,-107.792394748,-121.83901559,0.0204451824269,-4.23832522009,50.6183607257,476.472456718
0.19,0.224419346147,0.955667013204,47.8538210574,-111.636856469,0.172012162334,0.520427360834,-66.5715105483,-1631.14698576,0.0766467787517,-3.08215691661,50.9424577222,325.75551734,-0.401780534001,-4.21434635259,36.3822539192,472.36972659,0.296420113518,-2.26725618649,-107.829025028,100.232087836,0.00660144352106,-4.06712135216,52.0524930488,383.839117209
0.193333333333,0.227869955049,1.11442368217,47.3594852096,-184.883116661,0.173367181779,0.289668085178,-71.8200221882,-1515.90118342,0.0666578054129,-2.91070877859,51.8753696817,233.8641055,-0.415623357451,-4.09049811561,37.911481328,444.998460453,0.288264505949,-2.62571599508,-107.122759005,323.58236241,-0.00666422165381,-3.89165333638,53.1764107648,290.416204793
0.196666666667,0.231846555247,1.2711266843,46.6219749201,-257.492283003,0.17392457545,0.0420765296031,-76.6642401384,-1388.70775072,0.0572449404543,-2.7366626275,52.5009794086,141.457655077,-0.42904502823,-3.96170635164,39.3478299503,416.654944823,0.278919334677,-2.98058102127,-105.672501856,546.309406308,-0.0193393268877,-3.71295880116,53.9882083456,196.639860091
0.2,0.236340954602,1.42496952334,45.6439046504,-329.170375932,0.173630554281,-0.220934845224,-81.0657550854,-1250.43005922,0.0484151342787,-2.56104473719,52.8184057084,49.0376849592,-0.442029589793,-3.82828591809,40.688185242,387.415361129,0.26840070881,-3.32937827991,-103.483500297,766.513498912,-0.031414852624,-3.53207930117,54.4874360843,102.947106045
0.203333333333,0.241342288992,1.57515604492,44.4288630532,-399.627053067,0.172436245337,-0.497830493449,-84.9891691647,-1102.01055446,0.0401719145776,-2.38488153209,52.8284392013,-42.8946847037,-0.45456215195,-3.69056162649,41.9296905694,357.358238981,0.256732939888,-3.66966280064,-100.567305674,982.314364989,-0.0428852509561,-3.35005546325,54.6750997457,9.77387381297
0.206666666667,0.246837062165,1.72090366153,42.981398929,-468.576758328,0.170298084893,-0.786962249548,-88.4023487163,-944.464172448,0.0325153951094,-2.2091940217,52.5335364991,-133.841427024,-0.466628922595,-3.54886737017,43.0697546808,326.564241624,0.243948413619,-3.99903850441,-96.9416814265,1191.86777,-0.0537484344592,-3.16792214467,54.5536536428,-82.4469658974
0.21,0.252809196273,1.8614465243,41.3070033817,-535.739852182,0.167178175258,-1.08658059882,-91.2766542324,-778.871246422,0.0254423029822,-2.03499226949,51.9378054257,-223.310285986,-0.478217236497,-3.40354522819,44.1060584526,295.115945611,0.230087392644,-4.31517867999,-92.6304557065,1393.38179935,-0.0640057489321,-2.98670362515,54.1269871732,-173.287557214
0.213333333333,0.259240092859,1.99603862912,39.4120882452,-600.843718559,0.163044602806,-1.39484667411,-93.5871458801,-606.369953498,0.0189460242738,-1.86326992575,51.0469813589,-310.817422766,-0.489315581061,-3.25494454802,45.0365608927,263.097615261,0.215197751967,-4.6158458794,-87.6633204675,1585.13267728,-0.0736619302006,-2.80740885479,53.400404876,-262.326990423
0.216666666667,0.266108704078,2.12395684466,37.3039608647,-663.623844053,0.157871714914,-1.70984489482,-95.3127631521,-428.148354203,0.0130166677283,-1.6949988541,49.8683948242,-395.890016531,-0.499913618998,-3.10342100951,45.8595043841,230.594972545,0.199334649277,-4.8989110569,-82.0755787858,1765.47998493,-0.0827250452022,-2.63102677899,52.3806001027,-349.153201545
0.22,0.273391613863,2.24450385046,34.9907953329,-723.824865158,0.151640353831,-2.02959615991,-96.4364773814,-245.436080712,0.00764114616888,-1.53112388022,48.4109305144,-478.068805759,-0.510002207852,-2.94933567262,46.5734191545,197.694963027,0.182560132974,-5.16237178246,-75.9078426445,1932.88114281,-0.0912064176461,-2.45852176171,51.0756224195,-433.364831635
0.223333333333,0.281063128716,2.35701097338,32.4816002949,-781.201579408,0.144338045767,-2.35207150248,-96.9454160456,-59.4957320559,0.00280327517007,-1.37255769126,46.6849779554,-556.910556431,-0.519573416328,-2.79305401157,47.1771269599,164.485518484,0.164942691245,-5.40436936892,-69.2056838475,2085.90502904,-0.099120538609,-2.29082912763,49.494838892,-514.573037439
0.226666666667,0.289095377776,2.46084091113,29.7861834473,-835.519916419,0.135959143832,-2.6752061105,-96.8309579827,128.385963355,-0.0015161115556,-1.2201759132,44.7023740864,-631.990443827,-0.52862053738,-2.63494493808,47.6697439734,131.055316885,0.146556746076,-5.62320476162,-62.019241149,2223.24461272,-0.106484962498,-2.12885084322,47.6488894257,-592.403245293
0.23,0.297458421755,2.55539033225,26.9151128742,-886.557865002,0.12650492377,-2.99691361541,-96.0887988482,316.907155927,-0.00533903069667,-1.07481239273,42.4763380617,-702.904335137,-0.537138098029,-2.47537981625,48.0506828685,97.4935403507,0.127482096555,-5.8173530503,-54.4027870701,2343.72849032,-0.113320188877,-1.97345135645,45.5496363667,-666.496840351
0.233333333333,0.30612037032,2.64009234205,23.8796753695,-934.106352697,0.11598363175,-3.31510054869,-94.7189863466,504.759990628,-0.00869020253053,-0.93725470883,40.0213986263,-769.270960631,-0.54512186589,-2.31473147186,48.3196540951,63.8896317923,0.107803316283,-5.98547647512,-46.4142582331,2446.33122273,-0.119649530713,-1.82545361365,43.2101085892,-736.512783585
0.236666666667,0.315047507466,2.71441880487,20.691831913,-977.970074236,0.104410483832,-3.62768086511,-92.7259249874,690.639766355,-0.0115968895666,-0.808239938418,37.3533144566,-830.733961723,-0.552568852385,-2.15337319885,48.4766663418,30.333050869,0.0876091100934,-6.12643581201,-38.1147533656,2530.18238137,-0.125498969668,-1.68563527158,40.6444403243,-802.12914927
0.24,0.324204424368,2.77788251343,17.3641704735,-1017.96826568,0.09180761705,-3.93259043092,-90.1183503259,873.25407469,-0.0140887215301,-0.688450698516,34.4889878944,-886.963804923,-0.559477312649,-1.99167776547,48.522026185,-3.08697005333,0.0669916356711,-6.23930003705,-29.5680034167,2594.57422318,-0.130896999116,-1.55472512187,37.8678050053,-863.044576054
0.243333333333,0.333554159202,2.83003919666,13.909856327,-1053.93542119,0.0782039924056,-4.22780137557,-86.9092728654,1051.33185397,-0.0161975076433,-0.57851148644,31.4463725397,-937.659551408,-0.565846742126,-1.83001642309,48.4563369253,-36.2816692784,0.0460457959427,-6.32335418445,-20.8398184707,2638.96792623,-0.13587445561,-1.43339974381,34.8963444294,-918.979625086
0.246666666667,0.343058343379,2.87048935804,10.3425800852,-1085.7219495,0.0636352503842,-4.51133620636,-83.1158920078,1223.63229514,-0.0179570372325,-0.478985337518,28.2443751976,-982.550472697,-0.571677869865,-1.66875792017,48.2804966147,-69.1629978232,0.0248685083826,-6.3781053291,-11.9975163531,2662.99833091,-0.140464339602,-1.32228040061,31.7470935565,-969.678039119
0.25,0.352677353611,2.89887993717,6.67650363945,-1113.19476774,0.0481435199581,-4.78128158718,-78.759480653,1388.95353697,-0.0194028697475,-0.39037081835,24.9027527097,-1021.39750376,-0.576972648545,-1.50826752415,47.9956952804,-101.643859466,0.00355795757855,-6.40328664094,-3.10933798417,2666.47714446,-0.144701626238,-1.2219301932,28.4379012827,-1014.90789691
0.253333333333,0.362370469216,2.91490578798,2.92620423327,-1136.23782988,0.0317771823546,-5.03580168469,-73.8652412496,1546.14108967,-0.0205721153412,-0.313099371712,21.4420042224,-1053.99452577,-0.581734241255,-1.34890605393,47.6034113521,-133.638348145,-0.0177871624515,-6.39885947554,5.75614534786,2649.39458062,-0.148623067113,-1.13285148425,24.9873475488,-1054.46265772
0.256666666667,0.372096034033,2.91831096772,-0.893383114744,-1154.75258816,0.0145905911869,-5.2731509885,-68.462134302,1694.09592768,-0.0215032072048,-0.247533027373,17.8832594743,-1080.16947155,-0.585967005074,-1.1910289256,47.1054073038,-165.061982047,-0.0390684096112,-6.36501348281,14.5306275479,2611.91941971,-0.152266983909,-1.0554836042,21.4146571555,-1088.16209129
0.26,0.381811622309,2.90888983154,-4.76702461167,-1168.65838529,-0.00335624914536,-5.49168651541,-62.582680532,1831.78219514,-0.0222356668991,-0.193962491092,14.2481637015,-1099.78524787,-0.589676471491,-1.03498521395,46.5037245217,-195.83193376,-0.0601883521325,-6.30216473309,23.1466608407,2554.39748885,-0.155673054865,-0.990200849397,17.7396106772,-1115.85308903
0.263333333333,0.391474207912,2.88648792843,-8.67924788114,-1177.89277612,-0.0219980445916,-5.68987931225,-56.2627380772,1958.23446968,-0.0228098639616,-0.152605622039,10.5587597815,-1112.74046957,-0.592869323725,-0.88111673236,45.8006774117,-225.867255849,-0.0810513174535,-6.21095187743,31.5382412148,2477.34857557,-0.158882095082,-0.937310781553,13.9824528734,-1137.4103528
0.266666666667,0.40104033619,2.85100269477,-12.6144031067,-1182.41177738,-0.0412646096454,-5.86632517645,-49.5412562829,2072.5645339,-0.0232667710964,-0.123606306796,6.83736824915,-1118.9700016,-0.595553371022,-0.72975713362,44.9988467648,-255.08910124,-0.101564125066,-6.09223037652,39.6413810045,2381.46180249,-0.161935831664,-0.897052836056,10.1637990131,-1152.73695825
0.27,0.410466297795,2.80238394291,-16.5567248869,-1182.1900446,-0.0610812998677,-6.0197545194,-42.4600078105,2173.96760673,-0.0236477162808,-0.107033735953,3.10646582999,-1118.44530605,-0.597737519982,-0.581231034028,44.1010723956,-283.420937805,-0.121636796975,-5.94706484939,47.3946635436,2267.58950403,-0.164876674753,-0.869597245437,6.30453953461,-1161.76479008
0.273333333333,0.419708303802,2.74063414266,-20.490394557,-1177.2209754,-0.08136947576,-6.14904130319,-35.0633009357,2261.72799126,-0.0239941331372,-0.102882087164,-0.611436855302,-1111.17459231,-0.599431743011,-0.435853163232,43.1104450779,-310.788756575,-0.141183239615,-5.77671961007,54.7397749854,2136.73965936,-0.167747485496,-0.85504428282,2.42574346956,-1164.45484742
0.276666666667,0.428722661411,2.66580849463,-24.399602732,-1167.51673884,-0.102046994797,-6.25321098819,-27.3976740486,2335.22409917,-0.0243473109289,-0.111070616315,-4.2939177577,-1097.20276958,-0.600647043996,-0.293927542094,42.0302977959,-337.121272988,-0.160121891313,-5.58264747611,61.6220085848,1990.0669491,-0.170591342038,-0.853423828735,-1.45143893129,-1160.79741774
0.28,0.43746594955,2.57801479506,-28.2686118246,-1153.10823064,-0.123028728219,-6.33144743552,-19.5115744949,2393.93281665,-0.0247481455383,-0.131444156289,-7.91876537908,-1076.61120199,-0.601395421268,-0.155746690819,40.8641963383,-362.350120643,-0.178376329703,-5.36647694826,67.9907369843,1828.86251482,-0.173451304613,-0.864695263243,-5.30587393263,-1150.81211877
0.283333333333,0.445895193681,2.47741309264,-32.0818182895,-1134.04495454,-0.144227099032,-6.38309871601,-11.4550240038,2437.4331812,-0.0252368927853,-0.163774020602,-11.4640996077,-1049.51726753,-0.601689828004,-0.0215908694998,39.615929259,-386.410037015,-0.195875833852,-5.12999787505,73.799848327,1654.54251235,-0.176370180807,-0.888747683827,-9.11654196799,-1134.54780799
0.286666666667,0.453968039112,2.36421513864,-35.8238143507,-1110.39483009,-0.165552637478,-6.40768178484,-3.27927304615,2465.40934336,-0.0258529254248,-0.207759307018,-14.9084907601,-1016.07372339,-0.601544130133,0.108272646858,38.2894972335,-409.23904063,-0.212555896242,-4.87514572939,79.0081423444,1468.63556058,-0.179390292106,-0.925400448045,-12.8626347716,-1112.08236033
0.29,0.461642922139,2.23868363253,-39.4794489659,-1082.24392789,-0.186914550161,-6.40488598888,4.96355345988,2477.65279284,-0.026634495147,-0.263028594087,-18.231076189,-976.467880889,-0.600973061896,0.233590256861,36.8891018385,-430.778599215,-0.228358680229,-4.60398463643,83.5796829181,1272.76919693,-0.182553242776,-0.974404038481,-16.5236515505,-1083.52231485
0.293333333333,0.46887923834,2.10113126588,-43.0338877887,-1049.69613304,-0.208221298875,-6.37457538216,13.2208166137,2474.0638331,-0.0276185008757,-0.329142021441,-21.4116738295,-930.920594581,-0.599992179178,0.354122682945,35.4191337884,-450.973788354,-0.243233419045,-4.31868930318,87.4841040049,1068.65545987,-0.185899692168,-1.03544124607,-20.0794937632,-1049.00239224
0.296666666667,0.47563750734,1.95191956855,-46.4726718922,-1012.87273832,-0.229381185149,-6.31678983291,21.4397276459,2454.65229433,-0.0288402646244,-0.405593742635,-24.430892074,-879.685070887,-0.598617810726,0.469645581503,33.8841606574,-469.773440231,-0.257136752966,-4.02152600988,90.696866224,858.075726306,-0.189469131483,-1.10812866641,-23.510558077,-1008.68488504
0.3,0.481879533417,1.79145756133,-49.7817750203,-971.911968677,-0.250302936443,-6.23174491438,29.5677131307,2419.53747963,-0.0303333161325,-0.491814737284,-27.2702353833,-823.045502707,-0.596867007416,0.579950111291,32.2889141248,-487.130282041,-0.270033001777,-3.71483283159,93.1994618473,642.864938438,-0.193299666047,-1.19201850238,-26.7978270848,-962.758923569
0.303333333333,0.487568561295,1.62020022072,-52.9476591427,-926.968438799,-0.270896289968,-6.11983058003,37.5527787411,2368.94734484,-0.032129187452,-0.587175967347,-29.9122050662,-761.315537316,-0.594757489687,0.684843458563,30.6382767751,-503.001063694,-0.281894370276,-3.40099926494,94.979566388,424.895359986,-0.197427804082,-1.28660066472,-29.9229573724,-911.439620681
0.306666666667,0.492669426521,1.43864676145,-55.9573280935,-878.212546019,-0.291072570063,-5.98160863216,45.3438689999,2303.21691766,-0.0342572186063,-0.690991860526,-32.3403946867,-694.836585797,-0.592307593307,0.784149317519,28.9372684918,-517.346674463,-0.292701085123,-3.08244544057,96.0311354594,206.060005979,-0.201888252971,-1.39130516135,-32.8683645378,-854.967099314
0.31,0.497148699814,1.24733874386,-58.7983790806,-825.829800892,-0.31074525515,-5.81780900152,52.8912205085,2222.78596727,-0.0367443753794,-0.802524102019,-34.5395795828,-623.975983072,-0.589536213603,0.877708324771,27.1910324805,-530.132248261,-0.302441461959,-2.76160110512,96.3544460585,-11.7441069326,-0.206713723955,-1.50550476436,-35.6173047801,-793.605407119
0.313333333333,0.500974824833,1.04685801334,-61.4590518648,-770.0200981,-0.329830530348,-5.62932486381,60.1467061791,2128.19594066,-0.0396150802297,-0.920985714191,-36.495800018,-549.125008449,-0.586462748336,0.96537844666,25.4048209614,-541.32725725,-0.311111902345,-2.44088455888,95.9560819257,-226.632741001,-0.211934746156,-1.62851794275,-38.1539526889,-727.641323094
0.316666666667,0.504118248799,0.837824479973,-63.9282754121,-710.996930557,-0.348247821901,-5.41720662713,67.0641680638,2020.08618719,-0.0428910572528,-1.04554540216,-38.1964375162,-470.696777291,-0.583107039347,1.04703531837,23.5839805682,-550.905593536,-0.318716820673,-2.12268173515,94.8488631237,-436.751099893,-0.217579490814,-1.75961204772,-40.463474883,-657.383061579
0.32,0.50655154547,0.620893747197,-66.1957118363,-648.986549817,-0.365920309756,-5.18265483222,73.5997364464,1899.1894978,-0.0465911920404,-1.17533214192,-39.6302839696,-389.12401515,-0.579489313172,1.12257253397,21.7339374963,-558.845638721,-0.325268501838,-1.80932560667,93.0517204779,-640.290225359,-0.223673606532,-1.89800673592,-42.5320991665,-583.158879427
0.323333333333,0.508249529965,0.396754598719,-68.2517974581,-584.227076096,-0.382775414721,-4.92701201507,79.7121329674,1766.32699027,-0.050731407202,-1.30943998623,-40.7876031482,-304.856726329,-0.575630120761,1.19190188654,19.8601824388,-565.130321124,-0.330786891059,-1.50307610085,90.589516006,-835.502982601,-0.230240066311,-2.04287761541,-44.3471788888,-505.315592622
0.326666666667,0.509189364992,0.166126353598,-70.0877808182,-516.967561412,-0.398745256848,-4.65175358869,85.3629556576,1622.4023761,-0.0553245542351,-1.44693306242,-41.6601842785,-218.359769386,-0.571550276483,1.25495355783,17.9682553524,-569.747160516,-0.335299317855,-1.20610070146,87.4928109463,-1020.71949256,-0.237299027089,-2.19336009773,-45.8972522188,-424.217009007
0.33,0.509350658057,-0.0702439000906,-71.6957574952,-447.467009563,-0.413767081879,-4.35847780776,90.5169438871,1468.39564957,-0.0603803223356,-1.58685073517,-42.2413874041,-130.110352616,-0.567270796589,1.3116762569,16.0637300959,-572.688300246,-0.338840156729,-0.920455908062,83.7975834586,-1194.36187421,-0.244867702434,-2.34855343864,-47.1720960645,-340.242284164
0.333333333333,0.508715549259,-0.311584182131,-73.068701589,-375.99335677,-0.427783652803,-4.04889488607,95.1422213746,1305.35624286,-0.0659051646554,-1.72821290643,-42.5261802831,-40.5954629724,-0.562812837293,1.36203730741,14.1521989822,-573.950526671,-0.341450427726,-0.648069716935,79.5448985151,-1354.95816616,-0.252960249002,-2.50752494942,-48.1627743944,-253.784207847
0.336666666667,0.507268789331,-0.557100596258,-74.2004937476,-302.822417049,-0.440743603836,-3.72481534304,99.2105155577,1134.39569549,-0.0719022424141,-1.87002542399,-42.5111666229,49.6907577786,-0.558197632647,1.40602268327,12.2392572871,-573.535275838,-0.343177340494,-0.39072527793,74.7805329278,-1501.15530403,-0.261587667285,-2.66931435955,-48.8616807419,-165.247428652
0.34,0.504997807609,-0.805980393756,-75.0859456246,-228.236796442,-0.452601754377,-3.38813766041,102.697351789,956.679889289,-0.0783713871808,-2.01128556944,-42.194605501,140.249675544,-0.553446432388,1.44363699276,10.3304877565,-571.448627399,-0.344073786046,-0.15004587148,69.5545588519,-1631.73103857,-0.27075771713,-2.83293831108,-49.2625747003,-75.0466249268
0.343333333333,0.501892769663,-1.05739511249,-75.7208206717,-152.524780405,-0.463319380799,-3.04083533555,105.582220999,773.420903444,-0.0853090815402,-2.15098759608,-41.5764218662,230.580850746,-0.548580439924,1.47490341095,8.43144515591,-567.701285782,-0.344197780816,0.0725186619912,63.9208894762,-1745.60468886,-0.280474848427,-2.99739496446,-49.3606122422,16.3953698832
0.346666666667,0.497946624352,-1.31050377903,-76.1018511842,-75.9791987368,-0.472864444192,-2.68494342178,107.848719658,585.868546624,-0.0927084582599,-2.28812828685,-40.6582080631,320.184735079,-0.543620750624,1.4998635608,6.54764090367,-562.308548662,-0.343611868085,0.275703920839,57.9367909445,-1841.84663524,-0.290740147313,-3.1616686949,-49.1523697258,108.649479
0.35,0.49315514012,-1.56445616124,-76.2267515314,1.10372746162,-0.481211772527,-2.32254464969,109.484661051,395.301625642,-0.100559317977,-2.42171250238,-39.4432163706,408.565363683,-0.538588290596,1.51857734324,4.68452782984,-555.290262828,-0.342382482159,0.458441263758,51.6623648535,-1919.68646782,-0.301551298141,-3.32473485812,-48.6358614793,201.282322618
0.353333333333,0.487516930384,-1.81839605856,-76.0942275194,78.425552267,-0.488343195983,-1.95575522642,110.482157096,203.019011795,-0.108848165317,-2.55075868925,-37.9363425949,495.23302828,-0.533503756116,1.53112271667,2.84748510363,-546.670767562,-0.340579281087,0.619866363657,45.1600059308,-1978.51971845,-0.312902561435,-3.48556460384,-47.8105508815,293.858178009
0.356666666667,0.481033467909,-2.07146461698,-75.7039818509,155.686780233,-0.494247634546,-1.58671041221,110.837670138,10.330567539,-0.117558263271,-2.67430431872,-36.1441008034,579.706916898,-0.528387553869,1.53759542663,1.04180336988,-536.478825689,-0.338274453898,0.759325919099,38.4938397192,-2017.91311641,-0.324784767926,-3.64312971532,-46.6773548883,385.940950628
0.36,0.473709088108,-2.32280365564,-75.0567156578,232.588045878,-0.4989211373,-1.21754997481,110.552034344,-181.452002906,-0.126669705544,-2.79141122672,-34.0745893346,661.517706011,-0.523259742183,1.53810868626,-0.727329864269,-524.747542485,-0.335542008635,0.876382464968,31.7291452689,-2037.60832146,-0.33718532874,-3.79640745305,-45.2386419827,477.096147355
0.363333333333,0.465550981256,-2.57155899207,-74.1541261024,308.831292715,-0.502366873161,-0.850403623476,109.630446571,-371.02431487,-0.13615950649,-2.90117082615,-31.7374482672,740.210091155,-0.518139973398,1.53279280857,-2.45484455245,-511.514272671,-0.332457047574,0.970817240896,24.931767971,-2037.52410111,-0.350088261709,-3.94438538061,-43.4982235561,566.892842993
0.366666666667,0.456569173637,-2.81688375281,-72.9989000553,384.120947153,-0.504595073177,-0.487376524264,108.082426759,-557.098412263,-0.146001708185,-3.00270916362,-29.1438085739,815.345242428,-0.513047437549,1.52179479144,-4.13580210269,-496.820515747,-0.329095036158,1.04263109329,18.167527756,-2017.75693303,-0.363474233702,-4.08606615091,-41.461338758,654.905631198
0.37,0.446776497702,-3.05794165651,-71.5947038757,458.16508266,-0.505622924808,-0.130534997723,105.921748146,-738.411760447,-0.156167504046,-3.0951917931,-26.3062332355,886.503171683,-0.508000807502,1.50527785669,-5.76540900302,-480.711799947,-0.32553107221,1.09204340425,11.5016279174,-1978.58002735,-0.37732061882,-4.22047223117,-39.1346328812,740.716551052
0.373333333333,0.43618855134,-3.29391025647,-69.9461693334,530.676569577,-0.505474418991,0.218107501101,103.166337775,-913.736059933,-0.166625378358,-3.17782844036,-23.2386506273,953.284998676,-0.503018185708,1.48342094427,-7.33903004179,-463.237555151,-0.321839161998,1.1194890583,4.99806981755,-1920.44077774,-0.391601572206,-4.34665054517,-36.5261293771,823.916980626
0.376666666667,0.424823646435,-3.52398412991,-68.0588757286,601.374206059,-0.504180151062,0.556604022497,99.8381480179,-1081.8858191,-0.177341260965,-3.249877433,-19.9562805389,1015.31510402,-0.498117052712,1.4564181632,-8.85220108643,-444.450975082,-0.318091509637,1.12561347509,-1.28092132036,-1843.95666399,-0.406288119164,-4.46367701177,-33.6451956265,904.109489018
0.38,0.412702746891,-3.74737800146,-65.9393282791,669.983825667,-0.501777076991,0.883087286555,95.9630000036,-1241.72662587,-0.188278696307,-3.31064987208,-16.4755532212,1072.24315733,-0.493314217561,1.42447820065,-10.3006413855,-424.408869184,-0.314357826214,1.11126575375,-7.27545443122,-1749.9096426,-0.4213482592,-4.57066095913,-30.5025026174,980.909638533
0.383333333333,0.399849396377,-3.96332978839,-63.5949328615,736.239377255,-0.498308226648,1.19578228042,91.5704000571,-1392.18306035,-0.199399025892,-3.35951352298,-12.8140218965,1123.74600974,-0.488625770252,1.38782369086,-11.6802653605,-403.171504576,-0.310704664834,1.07748999102,-12.928509476,-1639.23907548,-0.436747084552,-4.66674939466,-27.1099787103,1053.94772891
0.386666666667,0.386289636064,-4.17110355582,-61.0339672033,799.883972882,-0.493822376149,1.49301820044,86.6933304398,-1532.24619298,-0.210661583251,-3.39589640428,-8.99026920036,1169.52944048,-0.484067036349,1.34669054571,-12.9871938546,-380.80243853,-0.307194787532,1.02551485171,-18.186448388,-1513.0332595,-0.452446912672,-4.75113111121,-23.4807576965,1122.87047571
0.39,0.372051912684,-4.36999237006,-58.2655486429,860.670899616,-0.488373681602,1.77323965603,81.3680158596,-1660.98061562,-0.222023900314,-3.41929005543,-5.02380805829,1209.32974831,-0.479652533888,1.30132724863,-14.2177648083,-357.368341914,-0.303886569742,0.956741485659,-22.9994955549,-1372.51963236,-0.46840743211,-4.82304061097,-19.6291213822,1187.34261542
0.393333333333,0.357166977254,-4.55932103897,-55.2995985812,918.36459124,-0.482021276851,2.03501705698,75.6336673918,-1777.53095639,-0.233441924128,-3.42925246542,-0.934977527773,1242.91517909,-0.475395932698,1.25199411401,-15.3685433314,-332.938814106,-0.300833447649,0.872729899678,-27.322183568,-1219.05374184,-0.484585861137,-4.88176182925,-15.5704369548,1247.0484299
0.396666666667,0.341667774878,-4.73844872851,-52.1468037667,972.741556024,-0.47482883805,2.27705611215,69.5322056079,-1881.12783249,-0.244870242745,-3.42541064671,3.25516583411,1270.08718191,-0.471310016247,1.19896251407,-16.4363311457,-307.586189869,-0.298083413367,0.775183907229,-31.1137602749,-1054.10707655,-0.500937118437,-4.92663164106,-11.3210894112,1301.69318344
0.4,0.325589326041,-4.90677144516,-48.8185745672,1023.5912569,-0.466864118153,2.49820637318,63.1079648569,-1971.09319935,-0.256262319079,-3.40746284029,7.52496049495,1290.68148697,-0.467406646108,1.14251407531,-17.41817537,-281.38533873,-0.295678562483,0.665934790764,-34.3385535202,-879.253866341,-0.517414005085,-4.95704313477,-6.89840935091,1351.0044659
0.403333333333,0.308968599873,-5.06372437446,-45.3270003904,1070.71694059,-0.458198454602,2.69746876395,56.4073807749,-2046.84505866,-0.267570731482,-3.37518034011,11.8522557591,1304.56899948,-0.463696729162,1.08293984679,-18.3113766254,-254.413457408,-0.29365469799,0.546923823355,-36.9662903319,-696.156969671,-0.533967397048,-4.97244863769,-2.32059645679,1394.73343593
0.406666666667,0.291844379861,-5.20878406644,-41.6848024315,1113.93641235,-0.448906253677,2.87400204351,49.4786632165,-2107.90149228,-0.278747419755,-3.32840892682,16.2145302458,1311.6565047,-0.460190187609,1.02053944266,-19.1134964378,-226.749855861,-0.292040994172,0.420183806294,-38.9723677172,-506.552973478,-0.550546447323,-4.97236247997,2.39336099351,1432.65595859
0.41,0.27425712255,-5.34147045932,-37.9052839326,1153.08275336,-0.439064455145,3.02712815765,42.371456903,-2153.88399376,-0.289743935271,-3.26706990298,20.5890123971,1311.88718034,-0.456895931881,0.955620161046,-19.8223639174,-198.475737547,-0.290859723444,0.287819788089,-40.3380726615,-312.236637886,-0.567098796845,-4.956363484,7.22377022541,1464.57363234
0.413333333333,0.25624880978,-5.4613487336,-34.0022781509,1188.00497789,-0.428751980976,3.15633644205,35.1364921693,-2184.52007419,-0.300511693883,-3.19116072416,24.9528023694,1305.24091366,-0.453821836527,0.888496082089,-20.4360816962,-169.673974484,-0.290126048582,0.151989137577,-41.0507493761,-115.044824044,-0.583570793208,-4.92409716801,12.1503212975,1490.31470075
0.416666666667,0.23786279503,-5.56803098907,-29.9900942396,1218.56862761,-0.418049172003,3.2612866483,27.82522826,-2199.6451241,-0.31100223025,-3.10075522229,29.2829946532,1291.73442134,-0.450974719134,0.8194871473,-20.9530311096,-140.428877752,-0.289847882208,0.014881149586,-41.1039123085,83.1599520651,-0.599907716254,-4.8752776538,17.1521772728,1509.73484476
0.42,0.21914364448,-5.66117773836,-25.8834612566,1244.65630079,-0.407037216487,3.34181077181,20.4894916783,-2199.20351851,-0.32116745223,-2.99600341997,33.5568007629,1271.42117175,-0.448360322348,0.748918223003,-21.3718766043,-110.825964047,-0.290025814783,-0.121303634237,-40.4973039111,280.50619371,-0.616054009506,-4.80968926962,22.2080668267,1522.71785202
0.423333333333,0.200136973409,-5.74049921093,-21.69747052,1266.16811418,-0.395797574605,3.39791366956,13.181112124,-2183.24895723,-0.330959893973,-2.87713093669,37.7516713389,1244.39110978,-0.445983299035,0.677118150372,-21.6915693636,-80.951718932,-0.290653111745,-0.254374204317,-39.2368966552,475.130177185,-0.631953516428,-4.72718784094,27.2963788769,1529.17616016
0.426666666667,0.18088927857,-5.80575646255,-17.4475165395,1283.02209589,-0.384411402901,3.42977246385,5.95155857554,-2151.9440383,-0.340332966357,-2.74443798981,41.845417005,1210.77018586,-0.443847200635,0.604418784698,-21.9113501386,-50.8933574451,-0.291715779824,-0.382169775737,-37.3348392741,665.192636407,-0.647549720459,-4.62770166294,32.3952588107,1529.05127168
0.43,0.161447767189,-5.85676228579,-13.1492367546,1295.1545076,-0.372958982744,3.43773473673,-1.14842193109,-2105.55906746,-0.349241203428,-2.59829799577,45.8163273328,1170.7196916,-0.441954468724,0.531154026558,-22.0307512783,-20.7385827082,-0.293192701923,-0.50258020927,-34.8093477109,848.895230044,-0.662785987754,-4.51123215027,37.4827058785,1522.31403846
0.433333333333,0.141860183283,-5.89338191798,-8.81845031864,1302.52009487,-0.361519156799,3.42231552844,-8.06916029286,-2044.47011207,-0.357640503516,-2.43915577873,49.6432872743,1124.43540568,-0.440306429818,0.457658847559,-22.0495979513,9.42465679154,-0.295055839368,-0.613565978039,-31.6845417429,1024.49664484,-0.677605811543,-4.37785416076,42.5366713169,1508.96481467
0.436666666667,0.122174631938,-5.91553354388,-4.47109617026,1305.09226462,-0.350168777475,3.38419316135,-14.7624136023,-1969.15631321,-0.365488363742,-2.26752539623,53.3058904372,1072.14655456,-0.438903293436,0.38426831336,-21.9680085594,39.5084105862,-0.297270499704,-0.713177500986,-27.990228734,1190.32819203,-0.691953057028,-4.22771599144,47.5351567602,1489.03347732
0.44,0.102439402276,-5.9231885911,-0.123170634754,1302.86318897,-0.338982171201,3.32420391931,-21.1817032396,-1880.19647491,-0.372744106659,-2.08398759337,56.7845485952,1014.11459344,-0.437744153408,0.311316606668,-21.7863943373,69.4249696066,-0.299795667642,-0.799573670016,-23.7616364363,1344.80875823,-0.705772205717,-4.06103904671,52.4563125009,1462.57931442
0.443333333333,0.0827027897708,-5.91637181697,4.20933519673,1295.84383513,-0.328030622304,3.24333562035,-27.2826404233,-1778.26495436,-0.379369097797,-1.88918689899,60.0605968439,950.631814328,-0.43682699245,0.23913605292,-21.5054581441,99.0871088907,-0.302584396184,-0.871039404792,-19.0390972175,1486.45897786,-0.719008598111,-3.87811717979,57.2785351557,1429.69078116
0.446666666667,0.0630129186291,-5.89516118679,8.51049806441,1284.06392115,-0.317381880083,3.14272012822,-33.023236936,-1664.12688208,-0.385326952958,-1.68382837947,63.1163938392,882.01978829,-0.436148689968,0.168056151337,-21.1261924463,128.408328953,-0.305584254428,-0.926002077837,-13.8676865203,1613.91450128,-0.731608673646,-3.67931571025,61.9805643017,1390.48512519
0.45,0.0434175649237,-5.85968754372,12.7645248662,1267.57179777,-0.307099692546,3.02362485594,-38.364198847,-1538.63274558,-0.390583734145,-1.46867406731,65.9354165781,808.627650583,-0.435705033083,0.0984026140454,-20.6498764999,157.303095153,-0.30873782803,-0.963046662638,-8.29681876627,1725.93824055,-0.74352020684,-3.46507012169,66.5415776471,1345.10788277
0.453333333333,0.0239639811707,-5.81013407172,16.9558144675,1246.43425676,-0.29724337007,2.88744332157,-43.2692011707,-1402.71237455,-0.39510813307,-1.24453908352,68.5023492145,730.830237653,-0.435490730843,0.0304964159044,-20.0780727395,185.687074409,-0.311983267843,-0.980929468763,-2.37980429787,1821.43148395,-0.754692538558,-3.23588444531,70.9412843094,1293.73224785
0.456666666667,0.00469872304039,-5.74673555367,21.0690187512,1220.73626661,-0.28786738202,2.73568482277,-47.7051415383,-1257.36836988,-0.398871641247,-1.01228747471,70.8031654312,649.026086105,-0.435499431577,-0.0353471423064,-19.4126223823,213.477368596,-0.31525488181,-0.978590340619,3.82662870459,1899.44378056,-0.765076801386,-2.99232933617,75.160015784,1236.5583171
0.46,-0.0143325211213,-5.66977742757,25.0891026656,1190.58063649,-0.279020989158,2.56996330343,-51.6423711004,-1103.66902254,-0.401848705781,-0.772827786786,72.8252039276,563.635304343,-0.435723743352,-0.0988193547673,-18.6556402619,240.592744005,-0.31848376481,-0.955163210079,10.2628430806,1959.18150691,-0.774626138087,-2.73503985076,79.1788141932,1173.81221414
0.463333333333,-0.0330850972951,-5.57959464463,29.0014030366,1156.08760991,-0.27074791441,2.39198549071,-55.0549010465,-942.740772099,-0.404016869975,-0.527108399227,74.5572366151,475.097328318,-0.43615525746,-0.159619013007,-17.8095089039,266.953856221,-0.321598460793,-0.909984907878,16.8668277985,2000.01503947,-0.783295912167,-2.46471293538,82.9795174201,1105.74509687
0.466666666667,-0.051515548659,-5.47657033363,32.7916859081,1117.39438962,-0.263086054258,2.20353838641,-57.9205832905,-775.760257903,-0.405356898038,-0.2761126446,75.9895291565,383.868573427,-0.436784574892,-0.217453287301,-16.8768718605,292.483469796,-0.324525651279,-0.842602154135,23.574754559,2021.48446922,-0.791043909598,-2.18210463658,86.5448407448,1032.63205243
0.47,-0.0695817736919,-5.36113427697,36.4462021886,1074.6545957,-0.256067232802,2.0064762009,-60.2212640589,-603.94601853,-0.405852883192,-0.0208537395498,77.1138935219,290.419995163,-0.437601335695,-0.272038584652,-15.8606263226,317.106672141,-0.327190864025,-0.752776664558,30.3215509446,2023.30380736,-0.797830530799,-1.8880270457,89.8584546173,954.770884685
0.473333333333,-0.0872431788919,-5.23376120434,39.9517413818,1028.03765885,-0.249717000164,1.80270682177,-61.9429093053,-428.549897967,-0.405492338609,0.237630445708,77.9237322796,195.234571616,-0.438594251163,-0.323101380951,-14.7639150291,340.751081013,-0.32951919552,-0.640488325635,37.0414850199,2005.36364477,-0.803618972009,-1.58334499122,92.905058216,872.48079964
0.476666666667,-0.104460825511,-5.09496891077,43.2956831907,977.728151408,-0.24405447664,1.5941779126,-63.075701073,-250.848218744,-0.404266270686,0.498282751421,78.4140743841,98.8047213439,-0.439751138745,-0.370379025046,-13.5901174962,363.347045063,-0.331436040782,-0.505936409278,43.6687561841,1967.73224131,-0.808375395231,-1.26897249327,95.6704484631,786.100994714
0.48,-0.121197569736,-4.9453162065,46.4660467915,923.925058662,-0.239092243678,1.38286273995,-63.6141041323,-72.1327840068,-0.402169234248,0.760032197179,78.5816022679,1.62967045267,-0.441058959586,-0.413620512462,-12.3428405908,384.827836864,-0.332867823935,-0.34953881484,50.1380870222,1910.65503525,-0.812069085985,-0.945868996183,98.1415841857,695.98915817
0.483333333333,-0.137418195765,-4.78540070678,49.4515375829,866.840993364,-0.23483628241,1.17074582845,-63.5569024275,106.298228311,-0.399199369401,1.0217995264,78.4246700929,-95.7872169503,-0.442503858595,-0.452587226649,-11.025908473,405.129837913,-0.333742722964,-0.171929343933,56.3853108919,1834.55257707,-0.814672598153,-0.615035395674,100.306645135,602.519885422
0.486666666667,-0.153089541261,-4.61585647025,52.2415912268,806.701356512,-0.231285960141,0.959808545013,-62.9072050796,283.149415306,-0.395358419802,1.28250279676,77.943313061,-192.941130622,-0.444071206926,-0.487053645689,-9.64335193694,424.192715083,-0.333991382148,0.0260469689982,62.3479500207,1740.01690569,-0.816161885271,-0.27750987817,102.155085595,506.083019324
0.49,-0.168180614697,-4.43735149534,54.8264148069,743.743447751,-0.228434064873,0.752014713998,-61.672421906,457.137278689,-0.390651732272,1.54106298671,77.1392477355,-289.32851391,-0.445745646753,-0.51680801251,-8.19939717758,441.959588045,-0.33354760573,0.243340430114,67.9657789695,1627.80639928,-0.816516417653,0.0656364091625,103.677682349,407.081921858
0.493333333333,-0.182662704132,-4.25058508444,57.1970249418,678.215528876,-0.226266887592,0.549296364445,-59.8642086303,626.999270054,-0.385088237732,1.79640958805,76.0158633696,-384.44975684,-0.447511138218,-0.541652966744,-6.69845401567,458.377187211,-0.332349026588,0.478705106464,73.1813684522,1498.83914616,-0.815719284834,0.413303838558,104.866576775,305.931684981
0.496666666667,-0.19650947699,-4.05628508638,59.3452827052,610.375844147,-0.224764351688,0.353539710021,-57.4983821708,791.502688339,-0.378680413559,2.04748615469,74.5782042902,-477.81186812,-0.449351008417,-0.561406136471,-5.14510361236,473.39600174,-0.330337743855,0.730709019513,77.9406046711,1354.18489455,-0.813757282859,0.764368912083,105.715310887,203.05728865
0.5,-0.209697070466,-3.85520502797,61.2639252118,540.491601275,-0.2239001886,0.166571460384,-54.5948066035,949.453367045,-0.371444227561,2.29325577785,72.8329434295,-568.931111705,-0.451248002291,-0.575900688216,-3.54408570763,486.970417226,-0.327460923733,0.997746022522,82.1931795474,1195.05565241,-0.810620986004,1.11768898189,106.218857165,98.8917142553
0.503333333333,-0.222204172199,-3.64812114601,62.9465937483,468.837917109,-0.223642158394,-0.00985443953481,-51.1772506034,1099.70409022,-0.363399063871,2.53270645854,70.7883471463,-657.335593778,-0.453184335275,-0.584985833656,-1.90028541758,499.058842677,-0.323671358042,1.27804925742,85.8930474811,1022.79502081,-0.806304802621,1.47210705933,106.373642031,-6.12597804515
0.506666666667,-0.234012090902,-3.43582933145,64.3878583356,395.696732172,-0.2239523137,-0.174069548891,-47.2732173667,1241.16267812,-0.354567631133,2.7648563485,68.454231527,-742.567786251,-0.455141747569,-0.588527291635,-0.218719626679,509.623826433,-0.318927975457,1.56970607276,88.9988445757,838.866355269,-0.800807014824,1.82645669161,106.177562866,-111.552599511
0.51,-0.245104816672,-3.21914199771,65.5832386277,321.355698341,-0.224787305122,-0.324503059122,-42.9137482106,1372.7996859,-0.344975853487,2.98875883154,65.8419103989,-824.186973244,-0.457101559862,-0.586407704197,1.49547698744,518.632160714,-0.313196300752,1.87067427123,91.4742665911,644.839860122,-0.794129801847,2.17956688427,105.629998493,-216.942801758
0.513333333333,-0.255469070759,-2.99888488564,66.5292210638,246.10704406,-0.226098725941,-0.459693225505,-38.1332012311,1493.6556611,-0.334652744913,3.20350741823,62.9641353357,-901.771607409,-0.459044730376,-0.578527005474,3.23706625831,526.054974504,-0.306448857873,2.17879954355,93.2884022571,442.378730322,-0.786279246937,2.53026704769,104.731813085,-321.851055636
0.516666666667,-0.265094344595,-2.77589381761,67.2232722064,170.246421552,-0.227833493635,-0.578298021467,-32.9690065761,1602.84790916,-0.32363026761,3.40824042767,59.8350279761,-974.921563446,-0.460951913053,-0.564802742402,5.00072112482,531.86781452,-0.29866551313,2.49183393483,94.4160189751,233.224463583,-0.77726532776,2.87739194556,103.48535346,-425.83363117
0.52,-0.27397292793,-2.55101141351,67.6638482136,94.0717405993,-0.229934265535,-0.679104940544,-27.4614000528,1699.57671944,-0.311943175159,3.60214543134,56.4700050191,-1043.26027672,-0.462803516729,-0.545170346362,6.78104047512,536.050714033,-0.289833755345,2.80745518027,94.8377983578,19.1814731523,-0.767101890329,3.21978662338,101.894439798,-528.450569702
0.523333333333,-0.282099925982,-2.3250837818,67.8504004072,17.8819934723,-0.232339885613,-0.761039876819,-21.653136942,1783.13100795,-0.299628841303,3.78446343527,52.885696298,-1106.4367555,-0.464579765135,-0.519583354975,8.57256419935,538.588249371,-0.279948910329,3.12328673942,94.5405195006,-197.898862306,-0.755806606574,3.5563112951,99.9643498005,-629.267639374
0.526666666667,-0.289473265534,-2.09895719841,67.7833769166,-58.0239243355,-0.234985859268,-0.823175021214,-15.5891880319,1852.89333727,-0.28672707525,3.95449277825,49.0998563729,-1164.127456,-0.466260757547,-0.48801358344,10.3697884101,539.469583929,-0.269014287659,3.43691835188,93.5171883448,-416.134570226,-0.743400915723,3.88584616612,97.7017963823,-727.858265206
0.53,-0.296093689957,-1.8734747868,67.4642203904,-133.348392928,-0.237804852699,-0.864735717858,-9.31642000511,1908.3442784,-0.27327992449,4.11159272512,45.1312701157,-1216.03801017,-0.467826529932,-0.450451244907,12.1671807883,538.688499571,-0.257041258323,3.74592693272,91.7671119666,-633.629731814,-0.729909949739,4.20729617127,95.1148989728,-823.805425103
0.533333333333,-0.301964743182,-1.64947321214,66.8953617863,-207.79624172,-0.240727213343,-0.885106232123,-2.88326242764,1949.06608385,-0.259331466166,4.25518673613,40.9996527938,-1261.90479701,-0.469257116398,-0.406905019557,13.9591960131,536.243415344,-0.244049262404,4.04789762266,89.2959171202,-848.491258188,-0.715362443136,4.51959560665,92.213148573,-916.703503299
0.536666666667,-0.307092742702,-1.42777940275,66.0802102633,-281.075913425,-0.243681507658,-0.883834389523,3.66063632266,1974.74564629,-0.244927588112,4.38476539467,36.7255451896,-1301.49634887,-0.470532610799,-0.357402072157,15.7402912325,532.137393444,-0.230065746589,4.34044480691,86.1155128514,-1058.84564615,-0.699790627564,4.8217126348,89.0073667144,-1006.16009294
0.54,-0.311486741708,-1.20920731159,65.0231392167,-352.900613704,-0.246595072448,-0.860635052619,10.2647617686,1985.17672187,-0.230115760727,4.49988897808,32.3302043172,-1334.61458526,-0.471633228303,-0.301988018043,17.5049415326,526.378132418,-0.215126031941,4.62123291647,82.2439975005,-1262.85556489,-0.683230111609,5.11265364319,85.5096585062,-1091.79773968
0.543333333333,-0.315158480505,-0.994554730756,63.7294685114,-422.989441956,-0.249394575798,-0.815392411262,16.8780922098,1980.26140265,-0.214944800884,4.6001896575,27.8354903233,-1361.09586757,-0.47253936677,-0.240726837599,19.2476553635,518.977947621,-0.199273112935,4.88799682788,77.7055109016,-1458.73612656,-0.665719746346,5.39146743658,81.7333599787,-1173.25561857
0.546666666667,-0.318122327431,-0.784600171332,62.2054429825,-491.068498788,-0.252006583654,-0.748161069791,23.4494612399,1960.01082779,-0.199464629152,4.68537331532,23.2637501793,-1380.811869,-0.473231667754,-0.17370073945,20.9629898777,509.953738989,-0.182557389429,5.13856168063,72.5300330757,-1644.77069615,-0.64730147721,5.65724924472,77.6929799597,-1250.1911366
0.55,-0.320395209483,-0.58009982111,60.4582072909,-556.871965775,-0.254358127995,-0.659165923325,29.9279213582,1924.54512841,-0.183726021607,4.75522097037,18.637698788,-1393.67025496,-0.473691076964,-0.101009972728,22.6455661416,499.326946193,-0.165036333786,5.37086193682,66.7531311863,-1819.32610058,-0.628020182848,5.90914452751,73.4041367428,-1322.28145382
0.553333333333,-0.32199653297,-0.381784592003,58.4957772303,-620.143153276,-0.256377272582,-0.548800823724,36.26310612,1874.09260663,-0.167780357553,4.80958980344,13.9802981428,-1399.61517052,-0.473898904016,-0.0227725889034,24.2900841754,487.123491325,-0.146774095962,5.58295951411,60.4156569886,-1980.86710194,-0.607923501645,6.14635256079,68.8834898299,-1389.22491615
0.556666666667,-0.322948094469,-0.190357268871,56.3270076015,-680.635512148,-0.257993672256,-0.417626044373,42.4055882815,1808.98815434,-0.151679364503,4.84841377757,9.31463518869,-1398.62753201,-0.473836881308,0.0608758461737,25.8913377819,473.373709253,-0.127841049924,5.77306083129,53.5633974401,-2127.97000649,-0.587061646684,6.36812978684,64.1486670546,-1450.74239349
0.56,-0.323273982476,-0.00648977099759,53.9615567795,-738.113605382,-0.259139121801,-0.266364561309,48.307231421,1729.67092296,-0.135474861773,4.87170385006,4.6637990386,-1390.72512145,-0.473487221855,0.149782589249,27.444229123,458.11226584,-0.108313285268,5.93953261545,46.246681557,-2259.33528852,-0.565487209958,6.57379291462,59.218187411,-1506.57851716
0.563333333333,-0.323000470124,0.169179463029,51.4098481141,-792.354035815,-0.259748090479,-0.0958971766079,53.9215325664,1636.68126037,-0.119218504046,4.87954777495,0.0507582056532,-1375.9624831,-0.472832675915,0.243778104754,28.9437830032,441.378064252,-0.088272048411,6.08091633044,38.5199469897,-2373.7991173,-0.543254956671,6.76272175621,54.1113799335,-1556.50281106
0.566666666667,-0.322155899409,0.336047956683,48.6830283168,-843.146326272,-0.25975823842,0.0927434819925,59.2039534206,1530.65693656,-0.102961526284,4.87210949727,-4.50176149155,-1354.43062291,-0.47185658626,0.34267649697,30.3851608214,423.214139611,-0.0678031381604,6.19594109878,30.4412701479,-2470.3436845,-0.520421610557,6.9343617867,48.8482989904,-1600.31071152
0.57,-0.320770557376,0.493551533373,45.7929229972,-890.293748648,-0.259110911198,0.298380043291,64.1122378556,1412.32868444,-0.0867544913284,4.84962814232,-8.97139769484,-1326.25651232,-0.470542941923,0.446275988083,31.7636741535,403.667542286,-0.0469962608895,6.28353500226,22.0718640274,-2548.10624067,-0.497045631129,7.08822641625,43.4496363692,-1637.82447129
0.573333333333,-0.318876544771,0.641166501592,42.7519895265,-933.614098666,-0.257751609067,0.519698507144,68.6067134447,1282.515087,-0.0706470415381,4.81241660549,-13.336270296,-1291.60239911,-0.468876430279,0.554359440848,33.0747979257,382.789210121,-0.0259443508816,6.34283466092,13.4755481813,-2606.38676039,-0.473186983859,7.22389896436,37.9366305485,-1668.89394359
0.576666666667,-0.316507637666,0.778411678744,39.5732674124,-972.940413264,-0.255630427501,0.755257334522,72.6505749113,1142.11684686,-0.0546876557873,4.76085975036,-17.5750976126,-1250.66492907,-0.466842487313,0.666694924441,34.3141831454,360.633829987,-0.00474286173751,6.3731930054,4.71819552183,-2644.65416824,-0.448906904275,7.34103432755,32.3309735603,-1693.39724273
0.58,-0.31369914263,0.904850245678,36.2703263827,-1008.12162777,-0.252702465896,1.00349744948,76.2101475022,992.110478195,-0.0389234131057,4.6954122247,-21.6673093272,-1203.67408318,-0.464427345932,0.783036321947,35.4776691528,337.259688993,0.0165109650171,6.37418517334,-4.13283915349,-2662.55107004,-0.424267657035,7.43936033316,26.6547158608,-1711.24127828
0.583333333333,-0.310487745999,1.02009142464,32.8572123825,-1039.02317025,-0.248928201515,1.26275308296,79.2551284318,833.54146531,-0.0233997642205,4.6165959063,-25.5931555841,-1150.89193597,-0.461618082181,0.903123977854,36.5612953595,312.728515801,0.0377188477763,6.3456124775,-13.0093038555,-2659.89694765,-0.399332291005,7.5186787733,20.9301696343,-1722.36216058
0.586666666667,-0.306911357864,1.12379197402,29.3483916977,-1065.52749075,-0.244273825978,1.53126338252,81.7588046997,667.516935986,-0.00816031221086,4.52499699232,-29.3338116585,-1092.61124182,-0.458402659241,1.02668538376,37.5613124432,287.105312454,0.0587822226601,6.28750441,-21.8426421437,-2636.68978867,-0.374164391438,7.57886611447,15.1798109626,-1726.72547552
0.59,-0.303008951389,1.21565749405,25.7586934265,-1087.53452329,-0.238711541902,1.80718470657,83.6982457474,495.197900805,0.00675339656378,4.42126274793,-32.8714776365,-1029.15385667,-0.454769969078,1.15343590048,38.4741929659,260.458177194,0.0796030047017,6.20011866461,-30.5645886688,-2593.10613675,-0.348827830332,7.61987387985,9.42618129863,-1724.32642757
0.593333333333,-0.298820398095,1.29544353825,22.1032505247,-1104.96207874,-0.232219817522,2.0886035169,85.054469598,317.791112984,0.021302070153,4.30609793175,-36.189472572,-960.869003765,-0.450709871627,1.28307951448,39.296641387,232.858118743,0.100084345801,6.08393917663,-39.1077622478,-2529.49956186,-0.323386516059,7.64172870252,3.6917886826,-1715.18985035
0.596666666667,-0.294386299774,1.36295652638,18.3974396596,-1117.74616719,-0.224783597482,2.37354977928,85.8125813095,136.540605784,0.035448856278,4.18026091732,-39.272322616,-888.131392676,-0.4462132314,1.41530962673,40.0256034446,204.378862563,0.120131382863,5.93967219712,-47.4062512236,-2446.39756422,-0.297904143372,7.64453204968,-2.00099085474,-1699.37008471
0.6,-0.289747817693,1.41805445518,14.6568201084,-1125.84124837,-0.216394468228,2.66001077791,85.9618827627,-47.2810331497,0.049159514187,4.04455953152,-42.1058426441,-811.339201668,-0.441271951415,1.54980987164,40.6582748777,175.096649626,0.13965196962,5.76824043615,-55.3961859294,-2344.49693912,-0.272443944864,7.62845961908,-7.63001126321,-1676.95072485
0.603333333333,-0.284946499769,1.46064740425,10.8970719427,-1129.22040921,-0.207050776803,2.94594524705,85.4959530113,-232.381589297,0.0624025721994,3.89984663241,-44.6772109468,-730.911934348,-0.435879004349,1.68625496403,41.1921094663,145.090028238,0.158557385777,5.57077532628,-63.0162931935,-2224.65764387,-0.247068445001,7.59376041056,-13.1734533793,-1648.04423367
0.606666666667,-0.280024106407,1.49069783491,7.13393374457,-1127.87546787,-0.196757702142,3.22929772057,84.4126986231,-417.458288028,0.075149470106,3.74701545008,-46.9750365816,-647.288162032,-0.430028460817,1.82431157168,41.6248263662,114.439639495,0.176763017337,5.3486074745,-70.208427977,-2087.89522121,-0.221839217767,7.54075547695,-18.6099203346,-1612.79142905
0.61,-0.275022435681,1.50822068118,3.38314009803,-1121.81700373,-0.185527278318,3.50801299869,82.7143736554,-601.206936994,0.0873746856806,3.58699471589,-48.9894190256,-560.923163995,-0.423715514716,1.96363921113,41.9544167199,83.2279969565,0.19418900219,5.10325538673,-76.9180774425,-1935.37184632,-0.196816649012,7.46983635999,-23.9185310398,-1571.3608434
0.613333333333,-0.269983148566,1.51328323217,-0.339640895289,-1111.07431337,-0.173378369504,3.78005063062,80.4075691183,-782.331080037,0.0990558446374,3.42074360606,-50.7119998093,-472.286478276,-0.416936505532,2.10389116428,42.1791495231,51.5392611377,0.210760835368,4.83641256423,-83.0948329934,-1768.38607683,-0.172059704523,7.38146321847,-29.0790113265,-1523.94795933
0.616666666667,-0.264947594904,1.50600480677,-4.01886983072,-1095.69529256,-0.160336596778,4.04339931111,77.5031719953,-959.551098389,0.110173813463,3.24924652692,-52.136005857,-381.859376183,-0.409688937575,2.24471541331,42.2975767327,19.4590094401,0.226409928744,4.54993308582,-88.6928261103,-1588.36139679,-0.147625704838,7.27616265704,-34.0717823395,-1470.77432493
0.62,-0.259956640802,1.48655622158,-7.63919769906,-1075.74624485,-0.146434217222,4.29609109019,74.016294103,-1131.61319532,0.12071277464,3.07350776982,-53.2562842983,-290.13227408,-0.401971496063,2.38575559134,42.3085376004,-12.9259978491,0.241074120311,4.245815803,-93.6711241299,-1396.83365611,-0.12357010778,7.15452526546,-38.8780457852,-1412.08655256
0.623333333333,-0.255050498142,1.45515905447,-11.1855268257,-1051.3116174,-0.131709956106,4.53621529604,69.9661712842,-1297.29820121,0.130660283877,2.89454606455,-54.0693285691,-197.602096355,-0.393784060014,2.52665194616,42.2111622212,-45.5280548473,0.254698128665,3.92618728754,-97.9940824684,-1195.4375169,-0.0999462996645,7.01720287951,-43.4798656537,-1348.1552057
0.626666666667,-0.250268556888,1.41208470661,-14.6430708094,-1022.49366522,-0.116208793278,4.7619320734,65.3760336354,-1455.43013725,0.140007309058,2.71338906041,-54.5732956594,-104.769603726,-0.38512771191,2.66704231458,42.0048742862,-78.2587500086,0.267233948773,3.59328368191,-101.631650176,-985.892026986,-0.0768053960844,6.86490557586,-47.8602460521,-1279.27357893
0.63,-0.245649220844,1.35765326665,-17.9974132245,-989.412045085,-0.0999817051974,4.97148544235,60.2729476755,-1604.88447776,0.148748250705,2.53106776468,-54.7680144183,-12.1367012474,-0.376004744099,2.8065631045,41.689393032,-111.029208037,0.278641185634,3.2494316128,-104.559626124,-769.985448346,-0.0541960531309,6.69839841445,-52.0032047992,-1205.75637631
0.633333333333,-0.241229747526,1.29223218165,-21.2345648536,-952.203340659,-0.0830853643674,5.16321578573,54.6876315561,-1744.59605302,0.156880943888,2.34861096842,-54.6549848713,79.7962595264,-0.366418661913,2.94485028224,41.2647343812,-143.75033312,0.28888732299,2.89702833616,-106.75986357,-549.559475283,-0.0321642898803,6.51849794313,-55.8938424544,-1127.93829439
0.636666666667,-0.237046092776,1.21623474,-24.3410192271,-911.020520854,-0.0655817982158,5.33557167739,48.6542446055,-1873.56653734,0.164406641562,2.1670396895,-54.2373685559,170.533169731,-0.356374183494,3.08154036221,40.7312112715,-176.333052817,0.29794792482,2.53852128901,-108.220421284,-326.492982089,-0.0107533229034,6.32606848015,-59.5184064728,-1046.17251592
0.64,-0.233132760743,1.13011837231,-27.3038062465,-866.03233343,-0.0475380097654,5.48712096824,42.2101526773,-1990.87146971,0.171329979458,1.98736166271,-53.5199699273,259.584829291,-0.34587723631,3.21627139645,40.0894331709,-208.68856193,0.30580676793,2.1763872284,-108.935659926,-102.685444449,0.00999658648622,6.12201819142,-62.8643502002,-960.829121267
0.643333333333,-0.229522659815,1.03438277706,-30.110543684,-817.422636303,-0.0290255626958,5.61656105199,35.3956709449,-2095.66675777,0.177658922727,1.8105659067,-52.5092089355,346.471575597,-0.334934950391,3.34868396106,39.3403047814,-240.728565692,0.31245590457,1.81311114161,-108.90628281,119.959818436,0.0300482715892,5.90729498002,-65.9203864453,-872.293424551
0.646666666667,-0.226246965086,0.929567878387,-32.7494863514,-765.389669171,-0.0101201336548,5.72272823844,28.2537859408,-2187.19461953,0.183404694637,1.63761739672,-51.2130849223,430.725860665,-0.323555648278,3.47842213707,38.485023934,-272.365521608,0.317895654641,1.45116511381,-108.139320733,339.55243236,0.0493677856899,5.68288220657,-68.6765353901,-780.964241953
0.65,-0.223334987898,0.816251624201,-35.2095727461,-710.145268348,0.00909896509556,5.80460616836,20.8298587862,-2264.78892108,0.188581687737,1.469451872,-49.6411320331,511.894762901,-0.311748831712,3.60513448289,37.5250786809,-303.512879279,0.322134527633,1.09298733922,-106.648060976,554.231638405,0.0679245129038,5.44979425955,-71.1241666268,-687.252100062
0.653333333333,-0.220814052973,0.695047633175,-37.4804689899,-651.914027895,0.0285492894003,5.86133321061,13.1713116871,-2327.87987286,0.193207357965,1.30697080557,-47.8043663832,589.542420017,-0.29952516511,3.72847499579,36.4622435923,-334.085317562,0.325189075113,0.740961461302,-104.451921162,762.182697165,0.0856912640381,5.20907199564,-73.2560351327,-591.577392238
0.656666666667,-0.218709383633,0.566602700102,-39.5526098858,-590.932410371,0.0481457898215,5.89220878943,5.32729989179,-2375.99805153,0.19730210231,1.15103656343,-45.715225265,663.252369997,-0.286896455844,3.84810405966,35.2985752682,-363.998978403,0.327083675133,0.397396423771,-101.576269061,961.652881443,0.102644357064,4.96177807043,-75.0663110249,-494.368491295
0.66,-0.217043995555,0.431594169395,-41.4172369323,-527.447810705,0.0678013574926,5.89669859714,-2.65162859348,-2408.77771911,0.20088912068,1.00246777938,-43.3874987219,732.62978757,-0.273875631402,3.96368937658,34.0364070769,-393.171696713,0.32785025059,0.0645070101415,-98.0521899819,1150.96691562,0.118763681872,4.70899218047,-76.5506029631,-396.059826969
0.663333333333,-0.215838599486,0.290727187163,-43.0664331437,-461.717576888,0.0874273854383,5.87443865555,-10.7138831493,-2425.95941631,0.203994262747,0.862034969914,-40.8362538588,797.303604148,-0.260476713465,4.07490687955,32.6783431353,-421.523225658,0.327527924085,-0.255604756775,-93.9162038081,1328.54172483,0.134032749048,4.45180623811,-77.7059750967,-297.089936807
0.666666666667,-0.215111513303,0.144731842731,-44.4931545399,-394.007991359,0.106934341473,5.82523819709,-18.8071880959,-2427.39181151,0.206645860616,0.73045641318,-38.0777522959,856.928499874,-0.246714788974,4.18144162392,31.2272515462,-448.975456728,0.326162612465,-0.560967191688,-89.2099342004,1492.90036306,0.148438722485,4.19131950068,-78.530957483,-197.899499234
0.67,-0.214878583777,-0.00563978907953,-45.6912581802,-324.593217087,0.126232348704,5.74908134525,-26.8789451499,-2413.03279272,0.208874548219,0.608394313755,-35.1293612108,911.186757052,-0.232605978277,4.28298865506,29.6862569117,-475.45263401,0.323806564675,-0.84975534531,-83.9797329176,1642.68499692,0.161972435713,3.92863367585,-79.0255499319,-98.9293576067
0.673333333333,-0.215153118341,-0.159616693196,-46.6555266318,-253.754212537,0.145231769623,5.64612758223,-34.8765982482,-2382.94979457,0.210713068435,0.496451274045,-32.0094584471,959.789965032,-0.218167400412,4.37925384987,28.0587321431,-500.881562048,0.320517847132,-1.12030608035,-78.2762625904,1776.66882981,0.1746283919,3.66484802528,-79.1912192606,-0.618544156821
0.676666666667,-0.215945827131,-0.316412035029,-47.3816887749,-181.777619774,0.16384378972,5.51671100005,-42.7479981826,-2337.31935816,0.212196068987,0.395167091151,-28.7373322005,1002.48056736,-0.203417135643,4.46995472995,26.348289589,-525.191806742,0.316359781227,-1.37113169264,-72.1540416637,1893.76686083,0.186404747569,3.40105448823,-79.0308899741,96.5976873409
0.68,-0.217264775553,-0.475226344335,-47.8664368634,-108.954630119,0.181980996587,5.36133834009,-50.4417644922,-2276.42592677,0.213359888223,0.305015896413,-25.3330758227,1039.03324295,-0.188374185329,4.55482124396,24.5587715064,-548.315888726,0.311400338014,-1.60093195784,-65.6709555507,1993.04538319,0.197303280111,3.13833284725,-78.5489284147,192.289811318
0.683333333333,-0.219115347538,-0.635250749605,-48.1074397723,-35.5798318192,0.199557950481,5.18068583444,-57.9076420791,-2200.65988586,0.214242331959,0.226403652958,-21.8174783081,1069.25611374,-0.173058429243,4.63359651723,22.6942399004,-570.189468694,0.305711495523,-1.8086044985,-58.8877383456,2073.73013799,0.207329339297,2.87774595745,-77.7511204538,286.035953845
0.686666666667,-0.22150021965,-0.79567025019,-48.1033523817,38.0499557092,0.216491742389,4.97559487078,-65.0968500492,-2110.51486104,0.214882442596,0.159666024676,-18.2119110532,1092.9917725,-0.157490580448,4.70603756649,20.7589657603,-590.751524174,0.299368564438,-1.99325338061,-51.8674297004,2135.21305093,0.216491783013,2.62033506077,-76.6446428279,377.423781101
0.69,-0.224419346147,-0.955667013204,-47.8538210574,111.636856469,0.232702535727,4.74706651082,-71.9624203354,-2006.58429297,0.215320261768,0.105066628027,-14.5382114978,1110.11812516,-0.14169213785,4.77191597775,18.7574177213,-609.944517248,0.292449488178,-2.15419586516,-44.6748116914,2177.0574927,0.224802897552,2.36711520616,-75.2380282503,466.052344422
0.693333333333,-0.227869955049,-1.11442368217,-47.3594852096,184.883116661,0.248114087903,4.49625490035,-78.459523731,-1889.55731312,0.215596587811,0.0627956760492,-10.8185642739,1120.54904317,-0.125685336563,4.83101854543,16.694250183,-627.714552784,0.285034123632,-2.29096725608,-37.3758306787,2199.00201622,0.232278302844,2.11907079633,-73.5411244556,551.533873631
0.696666666667,-0.231846555247,-1.2711266843,-46.6219749201,257.492283003,0.262654248134,4.22445961664,-84.5457810506,-1760.21394943,0.215752729382,0.0329690217972,-7.07538050162,1124.23482241,-0.1094930962,4.8831478711,14.5742909168,-644.011526717,0.277203508968,-2.40332380321,-30.0370092949,2200.96253782,0.238936843081,1.87715128073,-71.5650473651,633.495510612
0.7,-0.236340954602,-1.42496952334,-45.6439046504,329.170375932,0.276255428049,3.93311700651,-90.1815572376,-1619.41969517,0.215830256559,0.0156276063179,-3.33117588159,1121.16244615,-0.0931389672445,4.92812292003,12.4025281959,-658.789264,0.269039125037,-2.49124363602,-22.7248537845,2183.03294335,0.244800463254,1.64226701424,-69.3221285829,711.580975355
0.703333333333,-0.241342288992,-1.57515604492,-44.4288630532,399.627053067,0.288855041829,3.62379057534,-95.3302363608,-1468.11947942,0.215870750777,0.0107373140814,0.391551760829,1111.35565069,-0.076647075637,4.96577953414,10.1840974841,-672.005645823,0.260622156968,-2.55492572127,-15.5052619574,2145.48411371,0.24989407219,1.4152853,-66.8258574621,785.452156979
0.706666666667,-0.246837062165,-1.72090366153,-42.981398929,468.576758328,0.300395912812,3.29816049391,-99.9584755713,-1307.33108112,0.215915554971,0.0181892365955,4.0704448203,1094.8747933,-0.0600420657288,4.99597089988,7.92426771765,-683.622725767,0.252032762511,-2.59478685567,-8.44293701495,2088.76137887,0.254245392729,1.19702663402,-64.0908180026,854.790622616
0.71,-0.252809196273,-1.8614465243,-41.3070033817,535.739852182,0.310826643756,2.95801229635,-104.036436244,-1138.13803297,0.216005525266,0.0378003427367,7.68340748756,1071.81652318,-0.0433490417497,5.01856796978,5.62842721994,-693.606834568,0.243349353646,-2.61145672147,-1.6008124519,2013.48042309,0.257884799739,0.988261168317,-61.1326208654,919.299037378
0.713333333333,-0.259240092859,-1.99603862912,-39.4120882452,600.843718559,0.320101948186,2.6052248479,-107.537990685,-961.682064983,0.216180785579,0.0693145521451,11.2087259027,1042.31325723,-0.0265935079514,5.03345983641,3.30206928563,-701.928673203,0.234647897838,-2.60577105079,4.96050686014,1920.42167782,0.260845146736,0.789705408447,-57.9678308109,978.702489033
0.716666666667,-0.266108704078,-2.12395684466,-37.3039608647,663.623844053,0.328182940539,2.24175766638,-110.44090295,-779.155140467,0.216480486469,0.11240420586,14.6251862393,1006.53246339,-0.00980130758479,5.04055405792,0.950777474715,-708.563394047,0.22600124515,-2.57876296068,11.1832824456,1810.52325225,0.263161581901,0.60201916006,-54.6138898886,1032.74971147
0.72,-0.273391613863,-2.24450385046,-34.9907953329,723.824865158,0.335037383083,1.86963768583,-112.726982525,-591.791140435,0.216942569527,0.166671926234,17.9121900846,964.675755524,0.00700143912597,5.039776934,-1.41978934396,-713.490669867,0.217478487177,-2.53165253753,17.0131540815,1684.87246452,0.264871354353,0.425802738076,-51.0890367254,1081.21420142
0.723333333333,-0.281063128716,-2.35701097338,-32.4816002949,781.201579408,0.340639887919,1.49094555475,-114.382209773,-400.85725461,0.217603538614,0.231652856083,21.0498664945,916.977804529,0.0237883978456,5.03107373175,-3.80391215852,-716.694750484,0.20914435349,-2.46583476483,22.3996211956,1544.69604878,0.266013611574,0.261594450922,-47.4122222757,1123.89522354
0.726666666667,-0.289095377776,-2.46084091113,-29.7861834473,835.519916419,0.344972072667,1.10780156437,-115.396832284,-207.64513942,0.218498239172,0.306817264964,24.0191801212,863.705071724,0.0405330836583,5.01440886055,-6.19582714794,-718.164506922,0.201058650932,-2.38286590299,27.2964895338,1391.3491254,0.26662918893,0.109868370956,-43.6030224142,1160.61869915
0.73,-0.297458421755,-2.55539033225,-26.9151128742,886.557865002,0.348022668761,0.722351305241,-115.765431446,-13.4619049399,0.219659646814,0.391573508524,26.8020348318,805.154371166,0.0572089250956,4.9897659958,-8.58974114223,-717.893462944,0.193275750728,-2.28444844377,31.6622791345,1226.30303218,0.266760392238,-0.0289675990227,-39.6815477658,1191.2379749
0.733333333333,-0.30612037032,-2.64009234205,-23.8796753695,934.106352697,0.349787581627,0.336751152297,-115.486958781,180.379006046,0.221118666348,0.485271324956,29.3813722597,741.651268703,0.0737893284906,4.95714815075,-10.9798471664,-715.879813879,0.185844127931,-2.17241477425,35.4605899921,1051.13212499,0.266450774403,-0.154573354663,-35.6683511776,1215.63446773
0.736666666667,-0.315047507466,-2.71441880487,-20.691831913,977.970074236,0.350269902324,-0.0468463205185,-114.564741777,372.566982927,0.222903942328,0.587205450767,31.7412647599,673.548326342,0.0902477424856,4.91657769663,-13.360340026,-712.126432679,0.17880595728,-2.0487096971,38.6604221653,867.499665012,0.265744907142,-0.266677907168,-31.5843332518,1233.71818326
0.74,-0.324204424368,-2.77788251343,-17.3641704735,1017.96826568,0.349479870594,-0.426306894098,-113.006459194,561.803391852,0.225041682158,0.696619536374,33.8670022667,601.22320137,0.10655772252,4.86809633068,-15.7254318916,-706.640863211,0.172196769003,-1.91537196368,41.2364474951,677.142918029,0.264688148841,-0.365080382875,-27.4506463652,1245.42810545
0.743333333333,-0.333554159202,-2.83003919666,-13.909856327,1053.93542119,0.347434789596,-0.799529125049,-110.824086013,746.81063594,0.22755549272,0.812710340411,35.7451725879,525.076610437,0.122692995124,4.81176499238,-18.0693678396,-699.435300781,0.166045167601,-1.77451498552,43.1692305225,481.857598325,0.263326409623,-0.449650700966,-23.288597606,1250.73245556
0.746666666667,-0.343058343379,-2.87048935804,-10.3425800852,1085.7219495,0.344158892929,-1.16445853296,-108.033808401,926.341067597,0.230466231422,0.934632180136,37.3637347016,445.530169555,0.13862752185,4.74766372797,-20.3864413069,-690.526559957,0.16037261605,-1.6283068968,44.4453966523,283.481795298,0.261705914686,-0.520329926454,-19.1195510675,1249.62881944
0.75,-0.352677353611,-2.89887993717,-6.67650363945,1113.19476774,0.33968316489,-1.51910145509,-104.655909317,1099.18569047,0.233791872466,1.06150161395,38.7120846635,363.024121593,0.154335562663,4.67589150365,-22.6710094171,-679.936029761,0.155193287306,-1.4789501464,45.0577460742,83.8795257101,0.259872967023,-0.577130297006,-14.964829938,1242.1441425
0.753333333333,-0.362370469216,-2.91490578798,-2.92620423327,1136.23782988,0.334045115242,-1.86153847184,-100.714625536,1264.18259009,0.237547389082,1.19240233078,39.7811137675,278.014963512,0.169791738625,4.59656596799,-24.917508137,-667.68961638,0.150513984357,-1.32866080204,45.005312437,-115.075942298,0.257873710581,-0.62013492368,-10.8456188273,1228.33459241
0.756666666667,-0.372096034033,-2.91831096772,0.893383114744,1154.75258816,0.327288510074,-2.18993730945,-96.2379771101,1420.22503402,0.241744652366,1.32639022,40.5632586481,190.97298606,0.184971093705,4.50982316413,-27.1204672207,-653.817673526,0.146334129487,-1.17964775168,44.2933657615,-311.518845226,0.25575389497,-0.649497167087,-6.78286677123,1208.28529022
0.76,-0.381811622309,-2.90888983154,4.76702461167,1168.65838529,0.319463060647,-2.50256512983,-91.2575704582,1566.26918489,0.246392347282,1.46249859452,41.0525430541,102.379739168,0.199849155545,4.41581719263,-29.2745249022,-638.354920643,0.14264582279,-1.03409198834,42.9333595729,-503.607611399,0.253558642786,-0.665439691972,-2.79719134998,1182.10991097
0.763333333333,-0.391474207912,-2.88648792843,8.67924788114,1177.89277612,0.310624072423,-2.79780012206,-85.8083764671,1701.34137215,0.251495906288,1.59974353897,41.2446110687,12.7254366502,0.214401995022,4.31471982574,-31.3744422945,-621.3403492,0.139433969322,-0.894126163372,40.9428227309,-689.541331014,0.251332220611,-0.668253204648,1.09121564764,1149.95015578
0.766666666667,-0.40104033619,-2.85100269477,12.6144031067,1182.41177738,0.300832056719,-3.07414231465,-79.9284851584,1824.54487154,0.257057460963,1.73712935401,41.1367515967,-77.493685836,0.228606284446,4.20672007428,-33.4151174574,-602.817117299,0.136676473723,-0.761814591334,38.3451969247,-867.575862727,0.249117814747,-0.658294879142,4.86268058867,1111.97509767
0.77,-0.410466297795,-2.80238394291,16.5567248869,1182.1900446,0.290152307738,-3.33022353336,-73.6588386455,1935.06614502,0.263075811896,1.87365406767,40.7279139866,-167.778045377,0.242439354233,4.09202370823,-35.3915990951,-582.832432911,0.134344500478,-0.639133885056,35.1696212845,-1036.03943365,0.246957312702,-0.63598647933,8.49813797381,1068.38040414
0.773333333333,-0.419708303802,-2.74063414266,20.490394557,1177.2209754,0.278654447922,-3.56481643529,-67.0429442507,2032.1804971,0.269546417016,2.0083149837,40.0187147036,-257.627404568,0.255879247909,3.97085273229,-37.299099845,-561.437426041,0.132402797436,-0.527954394252,31.4506660308,-1193.34759412,0.244891091433,-0.60181218568,11.979217623,1019.38743992
0.776666666667,-0.428722661411,-2.66580849463,24.399602732,1167.51673884,0.266411944816,-3.77684255639,-60.1265697967,2115.25710821,0.276461398445,2.1401142373,39.0114350156,-346.543567986,0.268904775292,3.84344481791,-39.133009124,-538.68701019,0.130810079636,-0.430022613657,27.2280175348,-1338.01739444,0.242957813313,-0.556316136588,15.2883286762,965.242254079
0.78,-0.43746594955,-2.57801479506,28.2686118246,1153.10823064,0.253501602834,-3.96537931647,-52.9574232074,2183.76340976,0.28380956783,2.26806432814,37.7100097058,-434.033067877,0.281495563706,3.71005269326,-40.8889054943,-514.639733469,0.129519469929,-0.346944718096,22.5461175966,-1468.68065746,0.241194230745,-0.500099695533,18.4087400312,906.21445587
0.783333333333,-0.445895193681,-2.47741309264,32.0818182895,1134.04495454,0.240003033484,-4.12966593329,-45.5848186661,2237.26877021,0.291576470047,2.39119360085,36.1200068708,-519.609824637,0.293632107099,3.57094349286,-42.5625685169,-489.3576198,0.128478992406,-0.280171371872,17.4537601527,-1584.09622921,0.239635000341,-0.433818456564,21.3246568559,842.595984561
0.786666666667,-0.453968039112,-2.36421513864,35.8238143507,1110.39483009,0.225998107749,-4.26910820454,-38.0593316713,2275.44746638,0.299744445041,2.50855164352,34.2485989117,-602.797767778,0.305295812928,3.42639806861,-44.1499900598,-462.906000613,0.127632114138,-0.230983948462,12.0036490041,-1683.16109863,0.23831250748,-0.358179001761,24.0212928311,774.699778651
0.79,-0.461642922139,-2.23868363253,39.4794489659,1082.24392789,0.211570394465,-4.38328212494,-30.4324454093,2298.0809193,0.308292707484,2.61921457494,32.104524875,-683.133403306,0.316469046681,3.27671026396,-45.6473850298,-435.353337522,0.126918330337,-0.200482283999,6.25192050215,-1764.92028754,0.237256702088,-0.27393542546,26.4849377974,702.858350521
0.793333333333,-0.46887923834,-2.10113126588,43.0338877887,1049.69613304,0.196804588618,-4.47193631352,-22.7561909221,2305.05917877,0.317197443833,2.72229019224,29.6980443438,-760.168313706,0.327135173924,3.12218615351,-47.0512014991,-406.771036442,0.12627378762,-0.189574074351,0.25763544126,-1828.57542305,0.236494946354,-0.181885641072,28.7030205028,627.422272927
0.796666666667,-0.47563750734,-1.95191956855,46.4726718922,1012.87273832,0.181785933561,-4.53499323461,-15.0827835937,2296.38164639,0.326431926276,2.8169229511,27.040883126,-833.471577111,0.337278599763,2.9631432497,-48.3581301986,-377.23325368,0.125631939743,-0.198966010952,-5.91775531967,-1873.49191606,0.236051875108,-0.082867487311,30.6641661673,548.758584147
0.8,-0.481879533417,-1.79145756133,49.7817750203,971.911968677,0.166599641177,-4.57254920456,-7.46425850346,2272.15703211,0.335966642959,2.90229875155,24.146171033,-902.632092642,0.346884805598,2.79990967908,-49.5651133521,-346.816694511,0.124924229878,-0.229156735118,-12.2109667507,-1899.20468216,0.235949269479,0.0222453484686,32.358248606,467.24911895
0.803333333333,-0.487568561295,-1.62020022072,52.9476591427,926.968438799,0.151330314052,-4.58487318454,0.0478927974646,2232.60254444,0.345769443812,2.97764950377,21.0283720795,-967.260799428,0.355940383096,2.63282333022,-50.6693528271,-315.600404804,0.124080793245,-0.280431674343,-18.5574521118,-1905.42235387,0.236205944426,0.132547571269,33.7764366752,383.288772906
0.806666666667,-0.492669426521,-1.43864676145,55.9573280935,878.212546019,0.136061373674,-4.57240436862,7.40308154128,2178.04232025,0.355805701183,3.04225744899,17.703207481,-1026.99277739,0.364433065275,2.46223097562,-51.6683175815,-283.665556256,0.123031173761,-0.352859807349,-24.8919868865,-1892.02994688,0.236837650652,0.247106664519,34.9112348329,297.283707835
0.81,-0.497148699814,-1.24733874386,58.7983790806,825.829800892,0.12087449867,-4.53574858441,14.5519745113,2108.90510505,0.366038484448,3.09545921236,14.1875718623,-1081.48921848,0.372351754615,2.28848736999,-52.5597503823,-251.095225833,0.121705048208,-0.446292387503,-31.1492589915,-1859.0899565,0.237856991353,0.364967401269,35.7565176302,209.649506487
0.813333333333,-0.500974824833,-1.04685801334,61.4590518648,770.0200981,0.10584907697,-4.47567353197,21.4468378505,2025.7212003,0.376428747638,3.13664956579,10.4994431244,-1130.43925779,0.37968654814,2.11195432741,-53.3416737829,-217.974170014,0.120032951375,-0.560363636758,-37.2644600085,-1806.84187435,0.239273354181,0.485156460035,36.3075579789,120.809284735
0.816666666667,-0.504118248799,-0.837824479973,63.9282754121,710.996930557,0.091061675741,-4.39310289515,28.0418695015,1929.11869888,0.386935529112,3.16528488043,6.65778645623,-1173.56165471,0.386428759379,1.93299977977,-54.0123953377,-184.388594465,0.117946995609,-0.694493404767,-43.1738721768,-1735.70012969,0.241092858746,0.606687124301,36.5610490669,31.191769782
0.82,-0.50655154547,-0.620893747197,66.1957118363,648.986549817,0.0765855327745,-4.28910936683,34.2935179479,1819.81903548,0.397516162179,3.18088625017,2.68245300486,-1210.60631503,0.392570937169,1.75199681918,-54.570512044,-150.425919757,0.115381578253,-0.847891770301,-48.8154459211,-1646.25047343,0.24331831988,0.728564044355,36.5151198235,-58.770646969
0.823333333333,-0.508249529965,-0.396754598719,68.2517974581,584.227076096,0.0624900728561,-4.16490663777,40.1607850248,1698.631883,0.408126495576,3.1830422692,-1.40592625186,-1241.35564591,0.398106881242,1.56932272683,-55.0149139963,-116.17454379,0.112274070569,-1.01956554483,-54.1293627724,-1539.2448369,0.245949226866,0.849788039816,36.1693438639,-148.643873628
0.826666666667,-0.509189364992,-0.166126353598,70.0877808182,516.967561412,0.0488404524966,-4.02184040549,45.6055106763,1566.44943078,0.418721122596,3.17141144863,-5.58605085983,-1265.62573634,0.403031654551,1.38535799103,-55.344787244,-81.7236015563,0.108565481879,-1.20832662118,-59.0585786722,-1415.59471092,0.248981738693,0.969360921054,35.5247418724,-237.994089279
0.83,-0.509350658057,0.0702439000906,71.6957574952,447.467009563,0.035697136176,-3.86137846691,50.5926376652,1424.24008499,0.429253617651,3.14572425899,-9.83606487865,-1283.26735676,0.407341592316,1.20048531701,-55.5596158458,-47.1627229085,0.104201092907,-1.41280209377,-63.549342819,-1276.36310393,0.252408695397,1.0862903076,34.583777414,-326.389714322
0.833333333333,-0.508715549259,0.311584182131,73.068701589,375.99335677,0.0231155070437,-3.68509996461,55.0904543823,1273.04163524,0.439676779012,3.10578478762,-14.1336738945,-1294.16677253,0.411034307754,1.01508863131,-55.6591831128,-12.5817889965,0.0991310525634,-1.6314460611,-67.5516874389,-1122.75515036,0.256219645427,1.19959442164,33.3503461918,-413.403370828
0.836666666667,-0.507268789331,0.557100596258,74.2004937476,302.822417049,0.0111455147701,-3.49468386263,59.0708140536,1113.95393544,0.449942876412,3.05147200178,-18.4562644282,-1298.24636675,0.414108694485,0.829552083283,-55.64357204,21.9293119647,0.093310932712,-1.86255300627,-71.0198841144,-956.107452686,0.26040088891,1.30830683491,31.8297587995,-498.613824094
0.84,-0.504997807609,0.805980393756,75.0859456246,228.236796442,-0.000168637015295,-3.29189673304,62.5093288121,948.131150366,0.460003902194,2.9827406107,-22.7810250967,-1295.46506925,0.41656492561,0.644259046584,-55.513164922,56.2809289254,0.0867022358801,-2.10427263717,-73.9128626067,-777.876251694,0.264935536636,1.41148114724,30.0287170446,-581.607896653
0.843333333333,-0.501892769663,1.05739511249,75.7208206717,152.524780405,-0.0107887615452,-3.07857993939,65.3855372766,776.773622218,0.46981182466,2.89962152164,-27.0850688783,-1285.81858923,0.418404449468,0.45959112327,-55.2686421566,90.3838915604,0.0792728512426,-2.35462605497,-76.1945884362,-589.624529832,0.269803584498,1.50819557573,27.9552839502,-661.982346149
0.846666666667,-0.497946624352,1.31050377903,76.1018511842,75.9791987368,-0.0206829161334,-2.85663630747,67.6830444633,601.119414366,0.479318842254,2.80222188761,-31.3455558236,-1269.33945048,0.419629982074,0.275927153243,-54.9109802381,124.149752492,0.070997454698,-2.61152310777,-77.8343958548,-393.008162168,0.274982003045,1.5975574335,25.6188475691,-739.345698597
0.85,-0.49315514012,1.56445616124,76.2267515314,-1.10372746162,-0.0298255842385,-2.62801637708,69.3896330559,422.435591588,0.488477637229,2.69072474607,-35.5398155555,-1246.09682886,0.420245496274,0.0936422317187,-54.4414489465,157.491027515,0.0618578493335,-2.87278077561,-78.8072732357,-189.761237818,0.280444841755,1.67870747775,23.0300787723,-813.320028815
0.853333333333,-0.487516930384,1.81839605856,76.0942275194,-78.425552267,-0.0381978111357,-2.3947043318,70.4973452535,242.009297996,0.497241627428,2.5653882507,-39.6454688979,-1216.19619298,0.420256207637,-0.0868932625931,-53.8616077404,190.321433159,0.0518432431147,-3.13614242388,-79.0940983333,18.3193178923,0.286163347558,1.75082410735,20.2008832029,-883.542679988
0.856666666667,-0.481033467909,2.07146461698,75.7039818509,-155.686780233,-0.0457872922891,-2.1587037058,71.0025346294,61.138695289,0.505565214824,2.42654449999,-43.6405479817,-1179.77874995,0.419668557136,-0.265314625982,-53.1733013626,222.556120952,0.0409504611853,-3.39929775443,-78.681821306,229.389684055,0.292106097067,1.81312739083,17.1443476094,-949.667914642
0.86,-0.473709088108,2.32280365564,75.0567156578,-232.588045878,-0.0525884138472,-1.92202296829,70.9058876386,-118.876175094,0.513404029506,2.27459796901,-47.5036141822,-1137.02069918,0.418490190651,-0.441263772282,-52.3786546719,254.111907726,0.0291840907457,-3.65990327723,-77.5635938623,441.575506113,0.298239141934,1.86488290642,13.8746808011,-1011.36848959
0.863333333333,-0.465550981256,2.57155899207,74.1541261024,-308.831292715,-0.0586022450246,-1.68666108705,70.2124146285,-296.742541784,0.520715167777,2.11002355249,-51.2138732553,-1088.1322983,0.416729935369,-0.614390156921,-51.480066715,284.907501355,0.0165565570761,-3.9156031212,-75.7388433654,652.988533876,0.304526166667,1.90540537674,10.40714949,-1068.33714778
0.866666666667,-0.456569173637,2.81688375281,72.9989000553,-384.120947153,-0.0638364824673,-1.45459317278,68.9314104191,-471.184001044,0.527457423093,1.93336422963,-54.7512870521,-1033.35674607,0.41439777313,-0.784351679962,-50.4802040532,314.863721281,0.00308812988292,-4.1640499992,-73.2132912234,861.743387945,0.310928658196,1.93406208146,6.75800930768,-1120.28802027
0.87,-0.446776497702,3.05794165651,71.5947038757,-458.16508266,-0.0683053470419,-1.22775630512,67.0763847342,-640.949498247,0.533591508616,1.74522836313,-58.0966812155,-972.968888412,0.41150481081,-0.950815565687,-49.3819933648,343.903713258,-0.0111931402385,-4.40292614118,-69.9989153835,1065.9743057,0.317406086421,1.9502760324,2.94443130776,-1166.95793217
0.873333333333,-0.43618855134,3.29391025647,69.9461693334,-530.676569577,-0.0720294338191,-1.00803564022,64.6649629754,-804.822130238,0.539080270162,1.54628664666,-61.2318482761,-907.273754411,0.408063247806,-1.11345921634,-48.1886133412,371.953157696,-0.0262515548055,-4.6299640095,-66.1138572471,1263.85171823,0.323916094933,1.95352889657,-1.01557571647,-1208.10760639
0.876666666667,-0.424823646435,3.52398412991,68.0588757286,-601.374206059,-0.0750355163548,-0.7972508975,61.7187580392,-961.627706809,0.543888888421,1.33726871721,-64.1396455968,-836.604930206,0.404086340726,-1.27197103773,-46.903485901,398.940471048,-0.0420439688823,-4.84296661248,-61.5822738145,1453.598511,0.330414701031,1.94336365385,-5.10324674939,-1243.52276013
0.88,-0.412702746891,3.74737800146,65.9393282791,-669.983825667,-0.0773563066915,-0.597143320765,58.2632140815,-1110.24301122,0.547985069336,1.11895945018,-66.804087638,-761.322779443,0.39958836538,-1.42605123438,-45.5302667438,424.796999699,-0.0585200593049,-5.03982723538,-56.4341363566,1633.50582393,0.336856504149,1.9193869769,-9.29914553923,-1273.0150889
0.883333333333,-0.399849396377,3.96332978839,63.5949328615,-736.239377255,-0.0790301728152,-0.409363205326,54.3274233286,-1249.6037018,0.551339221653,0.89219495712,-69.2104320495,-681.812519878,0.394584576166,-1.57541257222,-44.0728352723,449.457205803,-0.0756226574603,-5.21854841375,-50.7049773812,1801.94825062,0.343194901731,1.88127132274,-13.5832526707,-1296.42313368
0.886666666667,-0.386289636064,4.17110355582,61.0339672033,-799.883972882,-0.0801008156017,-0.23545807892,49.9439172265,-1378.71179913,0.553924620638,0.657858307477,-71.3452591243,-598.482166432,0.389091162976,-1.71978110661,-42.5352839082,472.858844577,-0.0932881438126,-5.37725998003,-44.4355881265,1957.39830175,0.349382311583,1.82875672594,-17.9350563282,-1313.61302746
0.89,-0.372051912684,4.36999237006,58.2655486429,-860.670899616,-0.0806169075722,-0.0768616195528,45.1484333957,-1496.64270639,0.555717557128,0.416874997076,-73.1965441896,-511.76035175,0.383125205739,-1.85889687378,-40.9219068323,494.943132573,-0.111446900815,-5.51423602312,-37.6716692481,2098.44000422,0.355370399697,1.76165228554,-22.3336453414,-1324.47911762
0.893333333333,-0.357166977254,4.55932103897,55.2995985812,-918.36459124,-0.0806316960451,0.065116611776,39.9796600324,-1602.55171346,0.556697471074,0.170208187672,-74.7537225441,-422.094035957,0.376704626713,-1.99251454383,-39.2371881797,515.654906437,-0.13002382033,-5.62791060965,-30.4634377848,2223.78151529,0.361110312511,1.67983733846,-26.7578040945,-1328.94446143
0.896666666667,-0.341667774878,4.73844872851,52.1468037667,-972.741556024,-0.0802025735234,0.189300551237,34.4789595535,-1695.67993924,0.556847068874,-0.0811462570602,-76.0077465944,-329.946117912,0.369848140677,-2.12040403353,-37.4857897214,534.942771764,-0.148938861197,-5.71689212721,-22.8651938765,2332.26663971,0.366552912547,1.58326231411,-31.1861088726,-1326.96119236
0.9,-0.325589326041,4.90677144516,48.8185745672,-1023.5912569,-0.0793906183854,0.294656059235,28.6900734294,-1775.35967046,0.556152423856,-0.336164912561,-76.9511348821,-235.79296076,0.362575203146,-2.24235107725,-35.672538068,552.759241601,-0.16810765213,-5.77997612135,-14.9348510627,2422.88514754,0.371649016361,1.47194926599,-35.5970252117,-1318.51075568
0.903333333333,-0.308968599873,5.06372437446,45.3270003904,-1070.71694059,-0.0782601091576,0.3802983351,22.6588102778,-1841.01905949,0.55460305937,-0.593802083946,-77.5780127376,-140.121845101,0.354905956749,-2.35815775445,-33.8024114281,569.06086425,-0.187442134739,-5.81615651199,-6.73343431698,2494.78180097,0.376349633729,1.34599207778,-39.9690058139,-1303.60401211
0.906666666667,-0.291844379861,5.20878406644,41.6848024315,-1113.93641235,-0.0768780158321,0.445498267216,16.4327194145,-1892.18614825,0.552192014029,-0.852995217823,-77.884144344,-43.4283634116,0.346861175933,-2.46764297237,-31.8805259606,583.808340004,-0.206851241092,-5.824635089,1.67544974463,2547.26400999,0.380606206965,1.20555634271,-44.2805885878,-1282.28120908
0.91,-0.27425712255,5.34147045932,37.9052839326,-1153.08275336,-0.0753134718549,0.489687673927,10.0607521528,-1928.49218987,0.548915888754,-1.11267040642,-77.8669560365,53.7862302649,0.338462210129,-2.57064290264,-29.9121217551,596.966626503,-0.226241599943,-5.80482920189,10.2261657913,2579.80804887,0.3843708493,1.05087891645,-48.5104943731,-1254.61181988
0.913333333333,-0.25624880978,5.4613487336,34.0022781509,-1188.00497789,-0.0736372305451,0.51246339832,3.59291323558,-1949.67424493,0.544774875357,-1.3717479546,-77.5255507126,151.017701155,0.32973092554,-2.66701137048,-27.9025484821,608.505032426,-0.245518265486,-5.75637757456,18.8516209503,2592.06377819,0.387596581231,0.882267145528,-52.6377239088,-1220.69425113
0.916666666667,-0.23786279503,5.56803098907,29.9900942396,-1218.56862761,-0.0719211098162,0.513590228055,-2.92009515311,-1955.57703396,0.539772766504,-1.62914797995,-76.8607132754,247.761530706,0.320689645717,-2.75662019571,-25.8572507492,618.397299254,-0.26458546229,-5.67914419285,27.4838491683,2583.85783033,0.390237563751,0.700097774282,-56.6416536087,-1180.6554201
0.92,-0.21914364448,5.66117773836,25.8834612566,-1244.65630079,-0.0702374291533,0.49300261968,-9.4272342919,-1946.15403322,0.533916946997,-1.88379601608,-75.8749070803,343.515615196,0.311361091073,-2.83935948439,-23.7817532062,626.621670887,-0.283347339926,-5.57322022931,36.0546035898,2555.19523016,0.392249327417,0.504815535175,-60.5021297146,-1134.65020363
0.923333333333,-0.200136973409,5.74049921093,21.69747052,-1266.16811418,-0.0686584428523,0.450805215253,-15.8774922066,-1921.46780609,0.527218366413,-2.13462858901,-74.5722614041,437.782951485,0.301768317517,-2.91513787055,-21.6816454379,633.160950931,-0.301708730719,-5.43892398733,44.4959517068,2506.25943645,0.393588996196,0.296931428574,-64.1995604005,-1082.8607612
0.926666666667,-0.18088927857,5.80575646255,17.4475165395,-1283.02209589,-0.0672557735564,0.387272147601,-22.2202467814,-1881.6895677,0.519691493245,-2.38059873703,-72.9585500019,530.074295524,0.291934654357,-2.98388270717,-19.5625666868,638.002547482,-0.319575903999,-5.27679886415,52.7408680122,2437.41080335,0.394215505066,0.0770206994998,-67.7150054157,-1025.49573511
0.93,-0.161447767189,5.85676228579,13.1492367546,-1295.1545076,-0.0660998501224,0.302845139032,-28.4056261436,-1827.09798593,0.511354250777,-2.62068144427,-71.0411608692,619.910779324,0.281883641658,-3.04554020611,-17.430190448,641.138505302,-0.336857310291,-5.08760934978,60.7238189084,2349.1834757,0.394089810383,-0.154279479775,-71.0302628615,-962.789331347
0.933333333333,-0.141860183283,5.89338191798,8.81845031864,-1302.52009487,-0.0652593538174,0.198130406843,-34.3848637912,-1758.07722707,0.502227935032,-2.85387895912,-68.829057368,706.826472343,0.271638967218,-3.10007552645,-15.2902089773,642.565525295,-0.353464308933,-4.87233509639,68.3813346926,2242.28074547,0.393175092051,-0.396272611054,-74.1279527112,-895.000285336
0.936666666667,-0.122174631938,5.91553354388,4.47109617026,-1305.09226462,-0.0648006767906,0.0738943973001,-40.1106459642,-1675.11425995,0.492337115221,-3.07922596888,-66.3327309278,790.370873548,0.261224403335,-3.14747281114,-13.1483177564,642.284971223,-0.369311872787,-4.63216310961,75.6525635549,2117.56891045,0.391436946554,-0.648205743994,-76.9915966966,-822.410717089
0.94,-0.102439402276,5.9231885911,0.123170634754,-1302.86318897,-0.0647873966772,-0.0689416219623,-45.5374488202,-1578.7954374,0.481709517223,-3.29579460317,-63.5641455734,870.11132076,0.250663743537,-3.18773517188,-11.010199956,640.302863657,-0.384319263872,-4.36847813004,82.4798026812,1976.06968962,0.388843569982,-0.909272609617,-79.6056942017,-745.32488097
0.943333333333,-0.0827027897708,5.91637181697,-4.20933519673,-1295.84383513,-0.0652797710785,-0.229308073155,-50.6218630421,-1469.80237903,0.470375890711,-3.50269923906,-60.5366745776,945.635304363,0.239980739452,-3.22088462221,-8.88151094149,636.629861169,-0.398410674045,-4.08285128912,88.809001762,1818.95126235,0.38536593019,-1.17861699966,-81.9557938205,-664.067815637
0.946666666667,-0.0630129186291,5.89516118679,-8.51049806441,-1284.06392115,-0.0663342555232,-0.405994637455,-55.3229035982,-1348.90718426,0.458369860628,-3.69910108253,-57.2650295781,1016.55267294,0.229199037983,-3.24696195914,-6.76786286154,631.281228827,-0.411515825119,-3.77702713888,94.590234445,1647.51801078,0.380977927312,-1.45533637679,-84.028560257,-578.983900218
0.95,-0.0434175649237,5.85968754372,-12.7645248662,-1267.57179777,-0.0680030483492,-0.597658828862,-59.6023024736,-1216.96700904,0.44572776379,-3.88421250152,-53.7651825391,1082.49771903,0.218342118964,-3.26602659355,-4.67480936336,624.276794074,-0.423570523201,-3.45290916936,99.7781335607,1463.19905642,0.375656541868,-1.73848569959,-85.8118362644,-490.435323194
0.953333333333,-0.0239639811707,5.81013407172,-16.9558144675,-1246.43425676,-0.070333665757,-0.802835512577,-63.4247823178,-1074.91804455,0.432488471507,-4.05730108757,-50.0542809761,1143.13113371,0.207433233473,-3.27815632996,-2.60783047565,615.640890117,-0.434517162402,-3.11254394121,104.332286265,1267.53569243,0.369381969797,-2.02708144542,-87.2946993457,-398.800470856
0.956666666667,-0.00469872304039,5.74673555367,-21.0690187512,-1220.73626661,-0.073368550073,-1.01994730104,-66.7583090806,-923.768939842,0.418693199131,-4.21769342419,-46.1505568978,1198.14181971,0.196495342947,-3.28344709622,-0.572317700832,605.402286977,-0.444305173547,-2.75810397269,108.217585606,1062.1678231,0.362137743766,-2.32010581314,-88.4675129572,-304.472242548
0.96,0.0143325211213,5.66977742757,-25.0891026656,-1190.58063649,-0.0771447140288,-1.24731575455,-69.5743218619,-764.593714818,0.404385303575,-4.364778542,-42.0732299548,1247.24855308,0.185551059298,-3.28201262391,1.42644064244,593.594110398,-0.452891413966,-2.39186953195,111.404535391,848.81953065,0.353910840205,-2.61651108702,-89.3219719856,-207.85630027
0.963333333333,0.0330850972951,5.57959464463,-29.0014030366,-1156.08760991,-0.0816934236078,-1.48317330789,-71.8479383567,-598.524213096,0.389610069848,-4.49801104203,-37.8424053137,1290.20148466,0.174622586164,-3.27398408037,3.38327378667,580.253748829,-0.460240494994,-2.01620949458,113.869505681,629.283897356,0.344691771547,-2.91522414242,-89.8511422913,-109.369260476
0.966666666667,0.051515548659,5.47657033363,-32.7916859081,-1117.39438962,-0.0870399217415,-1.72567583893,-73.558134449,-426.742147802,0.374414487774,-4.6169138706,-33.4789668043,1326.78347329,0.163731661468,-3.25950965336,5.2931425532,565.422748743,-0.46632504434,-1.6335614351,115.594936618,405.407217569,0.334474663244,-3.21515107318,-90.0494941393,-9.43683617071
0.97,0.0695817736919,5.36113427697,-36.4462021886,-1074.6545957,-0.0932031948498,-1.97291579111,-74.6878966907,-250.470796068,0.35884702004,-4.72108073092,-29.0044659146,1356.81124347,0.152899501444,-3.23875408955,7.15115302204,549.146698575,-0.471125901052,-1.24641112767,116.569488822,179.072739567,0.323257315181,-3.51518191995,-89.912929366,91.508062337
0.973333333333,0.0872431788919,5.23376120434,-39.9517413818,-1028.03765885,-0.100195783918,-2.22293575746,-75.2243465906,-70.9664005125,0.342957362852,-4.81017811856,-24.4410072264,1380.13636142,0.142146746265,-3.21189818811,8.9525697962,531.475101603,-0.474632241426,-0.857271636424,116.788138993,-47.8159185931,0.311041247195,-3.81419547857,-89.4388021581,193.027259535
0.976666666667,0.104460825511,5.09496891077,-43.2956831907,-977.728151408,-0.108023641489,-2.47374243064,-75.1588358366,110.490661963,0.326796200429,-4.88394697003,-19.8111309091,1396.64602423,0.131493407448,-3.17913825077,10.6928288244,512.461238115,-0.476841634779,-0.468662179735,116.252219903,-273.351532198,0.297831728458,-4.11106416681,-88.6259333482,294.679270978
0.98,0.121197569736,4.9453162065,-46.4660467915,-923.925058662,-0.116686035634,-2.72332082105,-74.487011779,292.604882101,0.310414954673,-4.94220391554,-15.1376928994,1406.26365782,0.120958817148,-3.14068548998,12.3675497468,492.162017248,-0.477760028662,-0.0830869543519,114.969404421,-495.640063344,0.283637790573,-4.40465892801,-87.4746181614,396.021274954
0.983333333333,0.137418195765,4.78540070678,-49.4515375829,-866.840993364,-0.126175501621,-2.96964864288,-73.2088527102,474.074727779,0.293865531324,-4.9848421295,-10.443743412,1408.94932059,0.1105615795,-3.09676539672,13.9725477309,470.637818901,-0.477401663665,0.296985894008,112.953633706,-712.817335872,0.268472224292,-4.69385414941,-85.9866273768,496.61109071
0.986666666667,0.153089541261,4.61585647025,-52.2415912268,-806.701356512,-0.136477841678,-3.21071076718,-71.3286726888,653.601797132,0.277200063963,-5.01183177408,-5.75240443092,1404.69991054,0.10031952413,-3.04761706978,15.5038447632,447.952326161,-0.475788918636,0.669144968526,110.224990229,-923.06544392,0.252351559843,-4.97753257349,-84.1652018955,596.009154351
0.99,0.168180614697,4.43735149534,-54.8264148069,-743.743447751,-0.147572172905,-3.44451364001,-68.8550958697,829.899951097,0.26047065721,-5.02322003369,-1.08674684008,1393.5491748,0.090249661968,-2.99349250831,16.9576803688,424.172348692,-0.472952087714,1.03105580542,106.809516743,-1124.62874864,0.235296030935,-5.25459018018,-82.015040739,693.780483559
0.993333333333,0.182662704132,4.25058508444,-57.1970249418,-678.215528876,-0.159431023042,-3.66909956454,-65.8010005166,1001.70436129,0.243729130498,-5.01913074018,3.53033214823,1375.56752146,0.0803681434711,-2.93465586971,18.3305217264,399.367637585,-0.468929091172,1.38048036674,102.738982813,-1315.82932126,0.217329522564,-5.52394101816,-79.5422825296,789.4966223
0.996666666667,0.19650947699,4.05628508638,-59.3452827052,-610.375844147,-0.172020473485,-3.88256074646,-62.1834330828,1167.78040972,0.227026763772,-4.9997635909,8.07623060965,1350.86163476,0.0706902193801,-2.87138269473,19.6190731536,373.610692171,-0.463765122696,1.71529567034,98.0506009882,-1495.08169558,0.198479502824,-5.78452196379,-76.7544805331,882.737556821
1,0.209697070466,3.85520502797,-61.2639252118,-540.491601275,-0.185300348585,-4.08305300387,-58.0234929616,1326.93237788,0.210414046465,-4.96539296382,12.5287619163,1319.5738957,0.061230204109,-2.80395910215,20.8202849349,346.976559326,-0.457512236209,2.03351139329,92.786695125,-1660.90679921,0.178776939018,-6.03529738611,-73.6605713756,973.093594304
